url,widths_px,http_statuses,page_errors,failed_http_responses,document_overflow,workflow_runs,review_type
https://boisecabinet.co,320 390 430 768 1024 1440 1920,200,0,0,False,34398776175 34401688471,automated browser capture; not individual manual sign-off
https://boisecabinet.co/about,320 390 430 768 1024 1440 1920,200,0,0,False,34398776175 34401688471,automated browser capture; not individual manual sign-off
https://boisecabinet.co/accessories,320 390 430 768 1024 1440 1920,200,0,0,False,34398776175,automated browser capture; not individual manual sign-off
https://boisecabinet.co/blog,320 390 430 768 1024 1440 1920,200,0,0,False,34398776175,automated browser capture; not individual manual sign-off
https://boisecabinet.co/blog/accessible-bathroom-vanity-guide,320 390 430 768 1024 1440 1920,200,0,0,False,34398776175,automated browser capture; not individual manual sign-off
https://boisecabinet.co/blog/bathroom-vanity-buying-guide,320 390 430 768 1024 1440 1920,200,0,0,False,34398776175,automated browser capture; not individual manual sign-off
https://boisecabinet.co/blog/bathroom-vanity-cost-boise,320 390 430 768 1024 1440 1920,200,0,0,False,34398776175,automated browser capture; not individual manual sign-off
https://boisecabinet.co/blog/bathroom-vanity-layout-guide,320 390 430 768 1024 1440 1920,200,0,0,False,34398776175,automated browser capture; not individual manual sign-off
https://boisecabinet.co/blog/bathroom-vanity-roi-boise,320 390 430 768 1024 1440 1920,200,0,0,False,34398776175,automated browser capture; not individual manual sign-off
https://boisecabinet.co/blog/best-kitchen-cabinet-colors,320 390 430 768 1024 1440 1920,200,0,0,False,34398776175,automated browser capture; not individual manual sign-off
https://boisecabinet.co/blog/best-wood-for-kitchen-cabinets,320 390 430 768 1024 1440 1920,200,0,0,False,34398776175,automated browser capture; not individual manual sign-off
https://boisecabinet.co/blog/built-in-storage-roi,320 390 430 768 1024 1440 1920,200,0,0,False,34398776175,automated browser capture; not individual manual sign-off
https://boisecabinet.co/blog/cabinet-buying-mistakes,320 390 430 768 1024 1440 1920,200,0,0,False,34398776175,automated browser capture; not individual manual sign-off
https://boisecabinet.co/blog/cabinet-company-red-flags,320 390 430 768 1024 1440 1920,200,0,0,False,34398776175,automated browser capture; not individual manual sign-off
https://boisecabinet.co/blog/cabinet-construction-quality-guide,320 390 430 768 1024 1440 1920,200,0,0,False,34398776175,automated browser capture; not individual manual sign-off
https://boisecabinet.co/blog/cabinet-consultation-process,320 390 430 768 1024 1440 1920,200,0,0,False,34398776175,automated browser capture; not individual manual sign-off
https://boisecabinet.co/blog/cabinet-cost-per-linear-foot,320 390 430 768 1024 1440 1920,200,0,0,False,34398776175,automated browser capture; not individual manual sign-off
https://boisecabinet.co/blog/cabinet-design-development,320 390 430 768 1024 1440 1920,200,0,0,False,34398776175,automated browser capture; not individual manual sign-off
https://boisecabinet.co/blog/cabinet-door-styles-guide,320 390 430 768 1024 1440 1920,200,0,0,False,34398776175,automated browser capture; not individual manual sign-off
https://boisecabinet.co/blog/cabinet-fabrication-installation,320 390 430 768 1024 1440 1920,200,0,0,False,34398776175,automated browser capture; not individual manual sign-off
https://boisecabinet.co/blog/cabinet-finishes-colors-guide,320 390 430 768 1024 1440 1920,200,0,0,False,34398776175,automated browser capture; not individual manual sign-off
https://boisecabinet.co/blog/cabinet-finishes-door-styles-guide,320 390 430 768 1024 1440 1920,200,0,0,False,34398776175,automated browser capture; not individual manual sign-off
https://boisecabinet.co/blog/cabinet-hardware-guide,320 390 430 768 1024 1440 1920,200,0,0,False,34398776175,automated browser capture; not individual manual sign-off
https://boisecabinet.co/blog/cabinet-installation-punch-list,320 390 430 768 1024 1440 1920,200,0,0,False,34398776175,automated browser capture; not individual manual sign-off
https://boisecabinet.co/blog/cabinet-measurement-design-phase,320 390 430 768 1024 1440 1920,200,0,0,False,34398776175,automated browser capture; not individual manual sign-off
https://boisecabinet.co/blog/cabinet-planning-checklist,320 390 430 768 1024 1440 1920,200,0,0,False,34398776175,automated browser capture; not individual manual sign-off
https://boisecabinet.co/blog/cabinet-project-planning-guide,320 390 430 768 1024 1440 1920,200,0,0,False,34398776175,automated browser capture; not individual manual sign-off
https://boisecabinet.co/blog/cabinet-refacing-vs-refinishing-vs-replacing,320 390 430 768 1024 1440 1920,200,0,0,False,34398776175,automated browser capture; not individual manual sign-off
https://boisecabinet.co/blog/cabinet-refresh-vs-replace-vs-moving,320 390 430 768 1024 1440 1920,200,0,0,False,34398776175,automated browser capture; not individual manual sign-off
https://boisecabinet.co/blog/cabinet-upgrades-before-selling,320 390 430 768 1024 1440 1920,200,0,0,False,34398776175,automated browser capture; not individual manual sign-off
https://boisecabinet.co/blog/cabinet-warranty-guide,320 390 430 768 1024 1440 1920,200,0,0,False,34398776175,automated browser capture; not individual manual sign-off
https://boisecabinet.co/blog/cabinets-for-long-term-living,320 390 430 768 1024 1440 1920,200,0,0,False,34398776175,automated browser capture; not individual manual sign-off
https://boisecabinet.co/blog/category/bathroom-vanities,320 390 430 768 1024 1440 1920,200,0,0,False,34398776175,automated browser capture; not individual manual sign-off
https://boisecabinet.co/blog/category/built-ins-storage,320 390 430 768 1024 1440 1920,200,0,0,False,34398776175,automated browser capture; not individual manual sign-off
https://boisecabinet.co/blog/category/cabinet-costs,320 390 430 768 1024 1440 1920,200,0,0,False,34398776175,automated browser capture; not individual manual sign-off
https://boisecabinet.co/blog/category/cabinet-project-process,320 390 430 768 1024 1440 1920,200,0,0,False,34398776175,automated browser capture; not individual manual sign-off
https://boisecabinet.co/blog/category/cabinet-roi,320 390 430 768 1024 1440 1920,200,0,0,False,34398776175,automated browser capture; not individual manual sign-off
https://boisecabinet.co/blog/category/choosing-cabinet-company,320 390 430 768 1024 1440 1920,200,0,0,False,34398776175,automated browser capture; not individual manual sign-off
https://boisecabinet.co/blog/category/kitchen-cabinets,320 390 430 768 1024 1440 1920,200,0,0,False,34398776175,automated browser capture; not individual manual sign-off
https://boisecabinet.co/blog/category/whole-home-cabinetry,320 390 430 768 1024 1440 1920,200,0,0,False,34398776175,automated browser capture; not individual manual sign-off
https://boisecabinet.co/blog/custom-cabinet-design-process,320 390 430 768 1024 1440 1920,200,0,0,False,34398776175,automated browser capture; not individual manual sign-off
https://boisecabinet.co/blog/custom-cabinet-shop-vs-big-box,320 390 430 768 1024 1440 1920,200,0,0,False,34398776175,automated browser capture; not individual manual sign-off
https://boisecabinet.co/blog/custom-kitchen-cabinet-cost,320 390 430 768 1024 1440 1920,200,0,0,False,34398776175,automated browser capture; not individual manual sign-off
https://boisecabinet.co/blog/custom-vs-reserve-cabinets,320 390 430 768 1024 1440 1920,200,0,0,False,34398776175,automated browser capture; not individual manual sign-off
https://boisecabinet.co/blog/fixed-price-vs-cost-plus,320 390 430 768 1024 1440 1920,200,0,0,False,34398776175,automated browser capture; not individual manual sign-off
https://boisecabinet.co/blog/framed-vs-frameless-cabinets,320 390 430 768 1024 1440 1920,200,0,0,False,34398776175,automated browser capture; not individual manual sign-off
https://boisecabinet.co/blog/garage-storage-cabinet-systems,320 390 430 768 1024 1440 1920,200,0,0,False,34398776175,automated browser capture; not individual manual sign-off
https://boisecabinet.co/blog/home-office-built-ins,320 390 430 768 1024 1440 1920,200,0,0,False,34398776175,automated browser capture; not individual manual sign-off
https://boisecabinet.co/blog/how-deep-are-kitchen-cabinets,320 390 430 768 1024 1440 1920,200,0,0,False,34398776175,automated browser capture; not individual manual sign-off
https://boisecabinet.co/blog/how-to-budget-cabinets-boise,320 390 430 768 1024 1440 1920,200,0,0,False,34398776175,automated browser capture; not individual manual sign-off
https://boisecabinet.co/blog/how-to-clean-kitchen-cabinets,320 390 430 768 1024 1440 1920,200,0,0,False,34398776175,automated browser capture; not individual manual sign-off
https://boisecabinet.co/blog/how-to-compare-cabinet-quotes,320 390 430 768 1024 1440 1920,200,0,0,False,34398776175,automated browser capture; not individual manual sign-off
https://boisecabinet.co/blog/how-to-make-oak-cabinets-look-modern,320 390 430 768 1024 1440 1920,200,0,0,False,34398776175,automated browser capture; not individual manual sign-off
https://boisecabinet.co/blog/how-to-paint-kitchen-cabinets,320 390 430 768 1024 1440 1920,200,0,0,False,34398776175,automated browser capture; not individual manual sign-off
https://boisecabinet.co/blog/how-to-plan-a-kitchen-cabinet-project,320 390 430 768 1024 1440 1920,200,0,0,False,34398776175,automated browser capture; not individual manual sign-off
https://boisecabinet.co/blog/kitchen-cabinet-cost-boise,320 390 430 768 1024 1440 1920,200,0,0,False,34398776175,automated browser capture; not individual manual sign-off
https://boisecabinet.co/blog/kitchen-cabinet-organization-ideas,320 390 430 768 1024 1440 1920,200,0,0,False,34398776175,automated browser capture; not individual manual sign-off
https://boisecabinet.co/blog/kitchen-cabinet-roi-boise,320 390 430 768 1024 1440 1920,200,0,0,False,34398776175,automated browser capture; not individual manual sign-off
https://boisecabinet.co/blog/kitchen-cabinet-timeline-boise,320 390 430 768 1024 1440 1920,200,0,0,False,34398776175,automated browser capture; not individual manual sign-off
https://boisecabinet.co/blog/kitchen-cabinet-trends,320 390 430 768 1024 1440 1920,200,0,0,False,34398776175,automated browser capture; not individual manual sign-off
https://boisecabinet.co/blog/kitchen-island-design-guide,320 390 430 768 1024 1440 1920,200,0,0,False,34398776175,automated browser capture; not individual manual sign-off
https://boisecabinet.co/blog/kitchen-layout-ideas-boise-homes,320 390 430 768 1024 1440 1920,200,0,0,False,34398776175,automated browser capture; not individual manual sign-off
https://boisecabinet.co/blog/laundry-room-cabinet-ideas,320 390 430 768 1024 1440 1920,200,0,0,False,34398776175,automated browser capture; not individual manual sign-off
https://boisecabinet.co/blog/living-through-cabinet-installation,320 390 430 768 1024 1440 1920,200,0,0,False,34398776175,automated browser capture; not individual manual sign-off
https://boisecabinet.co/blog/luxury-bathroom-vanity-guide,320 390 430 768 1024 1440 1920,200,0,0,False,34398776175,automated browser capture; not individual manual sign-off
https://boisecabinet.co/blog/luxury-custom-cabinet-cost-boise,320 390 430 768 1024 1440 1920,200,0,0,False,34398776175,automated browser capture; not individual manual sign-off
https://boisecabinet.co/blog/mudroom-cabinets,320 390 430 768 1024 1440 1920,200,0,0,False,34398776175,automated browser capture; not individual manual sign-off
https://boisecabinet.co/blog/multi-room-cabinet-planning,320 390 430 768 1024 1440 1920,200,0,0,False,34398776175,automated browser capture; not individual manual sign-off
https://boisecabinet.co/blog/open-kitchen-cabinet-storage,320 390 430 768 1024 1440 1920,200,0,0,False,34398776175,automated browser capture; not individual manual sign-off
https://boisecabinet.co/blog/outdoor-bar-cabinet-storage,320 390 430 768 1024 1440 1920,200,0,0,False,34398776175,automated browser capture; not individual manual sign-off
https://boisecabinet.co/blog/outdoor-cabinet-roi,320 390 430 768 1024 1440 1920,200,0,0,False,34398776175,automated browser capture; not individual manual sign-off
https://boisecabinet.co/blog/outdoor-kitchen-cabinets-boise,320 390 430 768 1024 1440 1920,200,0,0,False,34398776175,automated browser capture; not individual manual sign-off
https://boisecabinet.co/blog/pantry-cabinet-ideas,320 390 430 768 1024 1440 1920,200,0,0,False,34398776175,automated browser capture; not individual manual sign-off
https://boisecabinet.co/blog/premium-outdoor-cabinetry,320 390 430 768 1024 1440 1920,200,0,0,False,34398776175,automated browser capture; not individual manual sign-off
https://boisecabinet.co/blog/primary-suite-closet-cabinets,320 390 430 768 1024 1440 1920,200,0,0,False,34398776175,automated browser capture; not individual manual sign-off
https://boisecabinet.co/blog/questions-to-ask-cabinet-company,320 390 430 768 1024 1440 1920,200,0,0,False,34398776175,automated browser capture; not individual manual sign-off
https://boisecabinet.co/blog/sage-green-kitchen-cabinets,320 390 430 768 1024 1440 1920,200,0,0,False,34398776175,automated browser capture; not individual manual sign-off
https://boisecabinet.co/blog/small-bathroom-vanity-ideas,320 390 430 768 1024 1440 1920,200,0,0,False,34398776175,automated browser capture; not individual manual sign-off
https://boisecabinet.co/blog/standard-kitchen-cabinet-sizes,320 390 430 768 1024 1440 1920,200,0,0,False,34398776175,automated browser capture; not individual manual sign-off
https://boisecabinet.co/blog/stock-vs-custom-cabinets-boise,320 390 430 768 1024 1440 1920,200,0,0,False,34398776175,automated browser capture; not individual manual sign-off
https://boisecabinet.co/blog/two-tone-kitchen-cabinets,320 390 430 768 1024 1440 1920,200,0,0,False,34398776175,automated browser capture; not individual manual sign-off
https://boisecabinet.co/blog/walk-in-pantry-design-guide,320 390 430 768 1024 1440 1920,200,0,0,False,34398776175,automated browser capture; not individual manual sign-off
https://boisecabinet.co/blog/what-are-rta-cabinets,320 390 430 768 1024 1440 1920,200,0,0,False,34398776175,automated browser capture; not individual manual sign-off
https://boisecabinet.co/blog/what-are-shaker-cabinets,320 390 430 768 1024 1440 1920,200,0,0,False,34398776175,automated browser capture; not individual manual sign-off
https://boisecabinet.co/blog/what-impacts-cabinet-costs-boise,320 390 430 768 1024 1440 1920,200,0,0,False,34398776175,automated browser capture; not individual manual sign-off
https://boisecabinet.co/blog/what-makes-great-cabinet-company,320 390 430 768 1024 1440 1920,200,0,0,False,34398776175,automated browser capture; not individual manual sign-off
https://boisecabinet.co/blog/whole-home-cabinet-cost-boise,320 390 430 768 1024 1440 1920,200,0,0,False,34398776175,automated browser capture; not individual manual sign-off
https://boisecabinet.co/blog/whole-home-cabinet-timeline,320 390 430 768 1024 1440 1920,200,0,0,False,34398776175,automated browser capture; not individual manual sign-off
https://boisecabinet.co/blog/why-cabinet-quotes-vary,320 390 430 768 1024 1440 1920,200,0,0,False,34398776175,automated browser capture; not individual manual sign-off
https://boisecabinet.co/builders,320 390 430 768 1024 1440 1920,200,0,0,False,34398776175,automated browser capture; not individual manual sign-off
https://boisecabinet.co/cabinets,320 390 430 768 1024 1440 1920,200,0,0,False,34398776175,automated browser capture; not individual manual sign-off
https://boisecabinet.co/cabinets/bathroom,320 390 430 768 1024 1440 1920,200,0,0,False,34398776175,automated browser capture; not individual manual sign-off
https://boisecabinet.co/cabinets/bedroom,320 390 430 768 1024 1440 1920,200,0,0,False,34398776175,automated browser capture; not individual manual sign-off
https://boisecabinet.co/cabinets/built-ins,320 390 430 768 1024 1440 1920,200,0,0,False,34398776175,automated browser capture; not individual manual sign-off
https://boisecabinet.co/cabinets/closet,320 390 430 768 1024 1440 1920,200,0,0,False,34398776175,automated browser capture; not individual manual sign-off
https://boisecabinet.co/cabinets/entertainment,320 390 430 768 1024 1440 1920,200,0,0,False,34398776175,automated browser capture; not individual manual sign-off
https://boisecabinet.co/cabinets/garage,320 390 430 768 1024 1440 1920,200,0,0,False,34398776175,automated browser capture; not individual manual sign-off
https://boisecabinet.co/cabinets/home-office,320 390 430 768 1024 1440 1920,200,0,0,False,34398776175,automated browser capture; not individual manual sign-off
https://boisecabinet.co/cabinets/kitchen,320 390 430 768 1024 1440 1920,200,0,0,False,34398776175,automated browser capture; not individual manual sign-off
https://boisecabinet.co/cabinets/laundry,320 390 430 768 1024 1440 1920,200,0,0,False,34398776175,automated browser capture; not individual manual sign-off
https://boisecabinet.co/cabinets/mudroom,320 390 430 768 1024 1440 1920,200,0,0,False,34398776175,automated browser capture; not individual manual sign-off
https://boisecabinet.co/cabinets/outdoor,320 390 430 768 1024 1440 1920,200,0,0,False,34398776175,automated browser capture; not individual manual sign-off
https://boisecabinet.co/cabinets/pantry,320 390 430 768 1024 1440 1920,200,0,0,False,34398776175,automated browser capture; not individual manual sign-off
https://boisecabinet.co/cabinets/wet-bar,320 390 430 768 1024 1440 1920,200,0,0,False,34398776175,automated browser capture; not individual manual sign-off
https://boisecabinet.co/catalog,320 390 430 768 1024 1440 1920,200,0,0,False,34398776175,automated browser capture; not individual manual sign-off
https://boisecabinet.co/compare,320 390 430 768 1024 1440 1920,200,0,0,False,34398776175,automated browser capture; not individual manual sign-off
https://boisecabinet.co/construction,320 390 430 768 1024 1440 1920,200,0,0,False,34398776175,automated browser capture; not individual manual sign-off
https://boisecabinet.co/contact,320 390 430 768 1024 1440 1920,200,0,0,False,34398776175,automated browser capture; not individual manual sign-off
https://boisecabinet.co/estimate,320 390 430 768 1024 1440 1920,200,0,0,False,34398776175,automated browser capture; not individual manual sign-off
https://boisecabinet.co/guides,320 390 430 768 1024 1440 1920,200,0,0,False,34398776175,automated browser capture; not individual manual sign-off
https://boisecabinet.co/guides/boise-bathroom-vanity-guide,320 390 430 768 1024 1440 1920,200,0,0,False,34398776175,automated browser capture; not individual manual sign-off
https://boisecabinet.co/guides/boise-cabinet-cost-guide,320 390 430 768 1024 1440 1920,200,0,0,False,34398776175,automated browser capture; not individual manual sign-off
https://boisecabinet.co/guides/boise-kitchen-cabinet-guide,320 390 430 768 1024 1440 1920,200,0,0,False,34398776175,automated browser capture; not individual manual sign-off
https://boisecabinet.co/guides/built-in-cabinet-guide,320 390 430 768 1024 1440 1920,200,0,0,False,34398776175,automated browser capture; not individual manual sign-off
https://boisecabinet.co/guides/cabinet-project-process-guide,320 390 430 768 1024 1440 1920,200,0,0,False,34398776175,automated browser capture; not individual manual sign-off
https://boisecabinet.co/guides/cabinet-roi-guide-boise,320 390 430 768 1024 1440 1920,200,0,0,False,34398776175,automated browser capture; not individual manual sign-off
https://boisecabinet.co/guides/choose-cabinet-company-boise,320 390 430 768 1024 1440 1920,200,0,0,False,34398776175,automated browser capture; not individual manual sign-off
https://boisecabinet.co/guides/treasure-valley-cabinet-guide,320 390 430 768 1024 1440 1920,200,0,0,False,34398776175,automated browser capture; not individual manual sign-off
https://boisecabinet.co/guides/whole-home-cabinetry-guide,320 390 430 768 1024 1440 1920,200,0,0,False,34398776175,automated browser capture; not individual manual sign-off
https://boisecabinet.co/locations/boise,320 390 430 768 1024 1440 1920,200,0,0,False,34398776175,automated browser capture; not individual manual sign-off
https://boisecabinet.co/locations/caldwell,320 390 430 768 1024 1440 1920,200,0,0,False,34398776175,automated browser capture; not individual manual sign-off
https://boisecabinet.co/locations/eagle,320 390 430 768 1024 1440 1920,200,0,0,False,34398776175,automated browser capture; not individual manual sign-off
https://boisecabinet.co/locations/kuna,320 390 430 768 1024 1440 1920,200,0,0,False,34398776175,automated browser capture; not individual manual sign-off
https://boisecabinet.co/locations/meridian,320 390 430 768 1024 1440 1920,200,0,0,False,34398776175,automated browser capture; not individual manual sign-off
https://boisecabinet.co/locations/middleton,320 390 430 768 1024 1440 1920,200,0,0,False,34398776175,automated browser capture; not individual manual sign-off
https://boisecabinet.co/locations/nampa,320 390 430 768 1024 1440 1920,200,0,0,False,34398776175,automated browser capture; not individual manual sign-off
https://boisecabinet.co/locations/star,320 390 430 768 1024 1440 1920,200,0,0,False,34398776175,automated browser capture; not individual manual sign-off
https://boisecabinet.co/portal,320 390 430 768 1024 1440 1920,200,0,7,False,34401688471,automated browser capture; not individual manual sign-off
https://boisecabinet.co/privacy-policy,320 390 430 768 1024 1440 1920,200,0,0,False,34398776175,automated browser capture; not individual manual sign-off
https://boisecabinet.co/resources,320 390 430 768 1024 1440 1920,200,0,0,False,34398776175,automated browser capture; not individual manual sign-off
https://boisecabinet.co/resources/ada-canyon-permit-flow,320 390 430 768 1024 1440 1920,200,0,0,False,34398776175,automated browser capture; not individual manual sign-off
https://boisecabinet.co/search,320 390 430 768 1024 1440 1920,200,0,0,False,34401688471,automated browser capture; not individual manual sign-off
https://boisecabinet.co/services/cabinet-installation,320 390 430 768 1024 1440 1920,200,0,0,False,34398776175,automated browser capture; not individual manual sign-off
https://boisecabinet.co/shaker-cabinets,320 390 430 768 1024 1440 1920,200,0,0,False,34398776175,automated browser capture; not individual manual sign-off
https://boisecabinet.co/sitemap,320 390 430 768 1024 1440 1920,200,0,0,False,34398776175,automated browser capture; not individual manual sign-off
https://boisecabinet.co/terms-of-service,320 390 430 768 1024 1440 1920,200,0,0,False,34398776175,automated browser capture; not individual manual sign-off
https://boisecabinet.co/testimonials,320 390 430 768 1024 1440 1920,200,0,0,False,34398776175,automated browser capture; not individual manual sign-off
https://boisecabinet.co/warranty,320 390 430 768 1024 1440 1920,200,0,0,False,34398776175,automated browser capture; not individual manual sign-off
https://boiseconstruction.co,320 390 430 768 1024 1440 1920,200,0,0,False,34398776175 34401259790,automated browser capture; not individual manual sign-off
https://boiseconstruction.co/about,320 390 430 768 1024 1440 1920,200,0,0,False,34398776175 34401259790,automated browser capture; not individual manual sign-off
https://boiseconstruction.co/areas,320 390 430 768 1024 1440 1920,200,0,0,False,34398776175,automated browser capture; not individual manual sign-off
https://boiseconstruction.co/areas/boise,320 390 430 768 1024 1440 1920,200,0,0,False,34398776175,automated browser capture; not individual manual sign-off
https://boiseconstruction.co/areas/caldwell,320 390 430 768 1024 1440 1920,200,0,0,False,34398776175,automated browser capture; not individual manual sign-off
https://boiseconstruction.co/areas/eagle,320 390 430 768 1024 1440 1920,200,0,0,False,34398776175,automated browser capture; not individual manual sign-off
https://boiseconstruction.co/areas/garden-city,320 390 430 768 1024 1440 1920,200,0,0,False,34398776175,automated browser capture; not individual manual sign-off
https://boiseconstruction.co/areas/kuna,320 390 430 768 1024 1440 1920,200,0,0,False,34398776175,automated browser capture; not individual manual sign-off
https://boiseconstruction.co/areas/meridian,320 390 430 768 1024 1440 1920,200,0,0,False,34398776175,automated browser capture; not individual manual sign-off
https://boiseconstruction.co/areas/middleton,320 390 430 768 1024 1440 1920,200,0,0,False,34398776175,automated browser capture; not individual manual sign-off
https://boiseconstruction.co/areas/nampa,320 390 430 768 1024 1440 1920,200,0,0,False,34398776175,automated browser capture; not individual manual sign-off
https://boiseconstruction.co/areas/star,320 390 430 768 1024 1440 1920,200,0,0,False,34398776175,automated browser capture; not individual manual sign-off
https://boiseconstruction.co/blog,320 390 430 768 1024 1440 1920,200,0,0,False,34398776175,automated browser capture; not individual manual sign-off
https://boiseconstruction.co/blog/ada-vs-canyon-county-permit-timelines,320 390 430 768 1024 1440 1920,200,0,0,False,34398776175,automated browser capture; not individual manual sign-off
https://boiseconstruction.co/blog/adu-cost-boise,320 390 430 768 1024 1440 1920,200,0,0,False,34398776175,automated browser capture; not individual manual sign-off
https://boiseconstruction.co/blog/aging-in-place-home-design,320 390 430 768 1024 1440 1920,200,0,0,False,34398776175,automated browser capture; not individual manual sign-off
https://boiseconstruction.co/blog/allowances-explained-new-home,320 390 430 768 1024 1440 1920,200,0,0,False,34398776175,automated browser capture; not individual manual sign-off
https://boiseconstruction.co/blog/boise-building-permit-guide,320 390 430 768 1024 1440 1920,200,0,0,False,34398776175,automated browser capture; not individual manual sign-off
https://boiseconstruction.co/blog/build-vs-buy-boise,320 390 430 768 1024 1440 1920,200,0,0,False,34398776175,automated browser capture; not individual manual sign-off
https://boiseconstruction.co/blog/building-in-the-boise-foothills,320 390 430 768 1024 1440 1920,200,0,0,False,34398776175,automated browser capture; not individual manual sign-off
https://boiseconstruction.co/blog/category/choosing-a-builder,320 390 430 768 1024 1440 1920,200,0,0,False,34398776175,automated browser capture; not individual manual sign-off
https://boiseconstruction.co/blog/category/home-building-costs,320 390 430 768 1024 1440 1920,200,0,0,False,34398776175,automated browser capture; not individual manual sign-off
https://boiseconstruction.co/blog/category/home-building-process,320 390 430 768 1024 1440 1920,200,0,0,False,34398776175,automated browser capture; not individual manual sign-off
https://boiseconstruction.co/blog/category/home-design-and-plans,320 390 430 768 1024 1440 1920,200,0,0,False,34398776175,automated browser capture; not individual manual sign-off
https://boiseconstruction.co/blog/category/land-and-lots,320 390 430 768 1024 1440 1920,200,0,0,False,34398776175,automated browser capture; not individual manual sign-off
https://boiseconstruction.co/blog/category/treasure-valley-locations,320 390 430 768 1024 1440 1920,200,0,0,False,34401259790,automated browser capture; not individual manual sign-off
https://boiseconstruction.co/blog/choosing-finishes-for-a-new-home,320 390 430 768 1024 1440 1920,200,0,0,False,34398776175,automated browser capture; not individual manual sign-off
https://boiseconstruction.co/blog/construction-loan-basics-idaho,320 390 430 768 1024 1440 1920,200,0,0,False,34398776175,automated browser capture; not individual manual sign-off
https://boiseconstruction.co/blog/cost-to-build-a-house-boise,320 390 430 768 1024 1440 1920,200,0,0,False,34398776175,automated browser capture; not individual manual sign-off
https://boiseconstruction.co/blog/covered-outdoor-living-new-home,320 390 430 768 1024 1440 1920,200,0,0,False,34398776175,automated browser capture; not individual manual sign-off
https://boiseconstruction.co/blog/custom-home-cost-per-square-foot-boise,320 390 430 768 1024 1440 1920,200,0,0,False,34398776175,automated browser capture; not individual manual sign-off
https://boiseconstruction.co/blog/custom-home-floor-plan-ideas-boise,320 390 430 768 1024 1440 1920,200,0,0,False,34398776175,automated browser capture; not individual manual sign-off
https://boiseconstruction.co/blog/design-build-vs-general-contractor,320 390 430 768 1024 1440 1920,200,0,0,False,34398776175,automated browser capture; not individual manual sign-off
https://boiseconstruction.co/blog/energy-efficient-home-building-boise,320 390 430 768 1024 1440 1920,200,0,0,False,34398776175,automated browser capture; not individual manual sign-off
https://boiseconstruction.co/blog/first-meeting-with-a-home-builder,320 390 430 768 1024 1440 1920,200,0,0,False,34398776175,automated browser capture; not individual manual sign-off
https://boiseconstruction.co/blog/fixed-price-vs-cost-plus,320 390 430 768 1024 1440 1920,200,0,0,False,34398776175,automated browser capture; not individual manual sign-off
https://boiseconstruction.co/blog/home-builder-red-flags,320 390 430 768 1024 1440 1920,200,0,0,False,34398776175,automated browser capture; not individual manual sign-off
https://boiseconstruction.co/blog/how-long-does-it-take-to-build-a-house-boise,320 390 430 768 1024 1440 1920,200,0,0,False,34398776175,automated browser capture; not individual manual sign-off
https://boiseconstruction.co/blog/how-to-budget-a-new-home-boise,320 390 430 768 1024 1440 1920,200,0,0,False,34398776175,automated browser capture; not individual manual sign-off
https://boiseconstruction.co/blog/how-to-buy-a-buildable-lot-boise,320 390 430 768 1024 1440 1920,200,0,0,False,34398776175,automated browser capture; not individual manual sign-off
https://boiseconstruction.co/blog/how-to-compare-builder-bids,320 390 430 768 1024 1440 1920,200,0,0,False,34398776175,automated browser capture; not individual manual sign-off
https://boiseconstruction.co/blog/impact-fees-and-utility-connections,320 390 430 768 1024 1440 1920,200,0,0,False,34398776175,automated browser capture; not individual manual sign-off
https://boiseconstruction.co/blog/lot-evaluation-checklist,320 390 430 768 1024 1440 1920,200,0,0,False,34398776175,automated browser capture; not individual manual sign-off
https://boiseconstruction.co/blog/luxury-home-building-cost-boise,320 390 430 768 1024 1440 1920,200,0,0,False,34398776175,automated browser capture; not individual manual sign-off
https://boiseconstruction.co/blog/multigenerational-home-design,320 390 430 768 1024 1440 1920,200,0,0,False,34398776175,automated browser capture; not individual manual sign-off
https://boiseconstruction.co/blog/new-home-walkthrough-and-warranty,320 390 430 768 1024 1440 1920,200,0,0,False,34398776175,automated browser capture; not individual manual sign-off
https://boiseconstruction.co/blog/production-vs-custom-home-builder,320 390 430 768 1024 1440 1920,200,0,0,False,34398776175,automated browser capture; not individual manual sign-off
https://boiseconstruction.co/blog/questions-to-ask-a-home-builder,320 390 430 768 1024 1440 1920,200,0,0,False,34398776175,automated browser capture; not individual manual sign-off
https://boiseconstruction.co/blog/shop-homes-and-barndominiums-idaho,320 390 430 768 1024 1440 1920,200,0,0,False,34398776175,automated browser capture; not individual manual sign-off
https://boiseconstruction.co/blog/single-story-vs-two-story-home,320 390 430 768 1024 1440 1920,200,0,0,False,34398776175,automated browser capture; not individual manual sign-off
https://boiseconstruction.co/blog/stages-of-building-a-house,320 390 430 768 1024 1440 1920,200,0,0,False,34398776175,automated browser capture; not individual manual sign-off
https://boiseconstruction.co/blog/well-and-septic-cost-idaho,320 390 430 768 1024 1440 1920,200,0,0,False,34398776175,automated browser capture; not individual manual sign-off
https://boiseconstruction.co/blog/what-drives-home-building-costs-boise,320 390 430 768 1024 1440 1920,200,0,0,False,34398776175,automated browser capture; not individual manual sign-off
https://boiseconstruction.co/blog/why-home-building-bids-vary,320 390 430 768 1024 1440 1920,200,0,0,False,34398776175,automated browser capture; not individual manual sign-off
https://boiseconstruction.co/contact,320 390 430 768 1024 1440 1920,200,0,0,False,34398776175,automated browser capture; not individual manual sign-off
https://boiseconstruction.co/estimate,320 390 430 768 1024 1440 1920,200,0,0,False,34398776175,automated browser capture; not individual manual sign-off
https://boiseconstruction.co/guides,320 390 430 768 1024 1440 1920,200,0,0,False,34398776175,automated browser capture; not individual manual sign-off
https://boiseconstruction.co/guides/boise-home-building-cost-guide,320 390 430 768 1024 1440 1920,200,0,0,False,34398776175,automated browser capture; not individual manual sign-off
https://boiseconstruction.co/guides/boise-home-building-guide,320 390 430 768 1024 1440 1920,200,0,0,False,34398776175,automated browser capture; not individual manual sign-off
https://boiseconstruction.co/guides/boise-home-building-process-guide,320 390 430 768 1024 1440 1920,200,0,0,False,34398776175,automated browser capture; not individual manual sign-off
https://boiseconstruction.co/guides/buying-land-to-build-boise,320 390 430 768 1024 1440 1920,200,0,0,False,34398776175,automated browser capture; not individual manual sign-off
https://boiseconstruction.co/guides/caldwell-home-building-guide,320 390 430 768 1024 1440 1920,200,0,0,False,34398776175,automated browser capture; not individual manual sign-off
https://boiseconstruction.co/guides/choose-home-builder-boise,320 390 430 768 1024 1440 1920,200,0,0,False,34398776175,automated browser capture; not individual manual sign-off
https://boiseconstruction.co/guides/custom-home-design-guide,320 390 430 768 1024 1440 1920,200,0,0,False,34398776175,automated browser capture; not individual manual sign-off
https://boiseconstruction.co/guides/eagle-foothills-home-building-guide,320 390 430 768 1024 1440 1920,200,0,0,False,34398776175,automated browser capture; not individual manual sign-off
https://boiseconstruction.co/guides/eagle-home-building-guide,320 390 430 768 1024 1440 1920,200,0,0,False,34398776175,automated browser capture; not individual manual sign-off
https://boiseconstruction.co/guides/harris-ranch-home-building-guide,320 390 430 768 1024 1440 1920,200,0,0,False,34398776175,automated browser capture; not individual manual sign-off
https://boiseconstruction.co/guides/hidden-springs-home-building-guide,320 390 430 768 1024 1440 1920,200,0,0,False,34398776175,automated browser capture; not individual manual sign-off
https://boiseconstruction.co/guides/kuna-home-building-guide,320 390 430 768 1024 1440 1920,200,0,0,False,34398776175,automated browser capture; not individual manual sign-off
https://boiseconstruction.co/guides/meridian-home-building-guide,320 390 430 768 1024 1440 1920,200,0,0,False,34398776175,automated browser capture; not individual manual sign-off
https://boiseconstruction.co/guides/middleton-home-building-guide,320 390 430 768 1024 1440 1920,200,0,0,False,34398776175,automated browser capture; not individual manual sign-off
https://boiseconstruction.co/guides/nampa-home-building-guide,320 390 430 768 1024 1440 1920,200,0,0,False,34398776175,automated browser capture; not individual manual sign-off
https://boiseconstruction.co/guides/star-home-building-guide,320 390 430 768 1024 1440 1920,200,0,0,False,34398776175,automated browser capture; not individual manual sign-off
https://boiseconstruction.co/guides/treasure-valley-home-building-guide,320 390 430 768 1024 1440 1920,200,0,0,False,34398776175,automated browser capture; not individual manual sign-off
https://boiseconstruction.co/privacy-policy,320 390 430 768 1024 1440 1920,200,0,0,False,34398776175,automated browser capture; not individual manual sign-off
https://boiseconstruction.co/re-10-repairs-boise,320 390 430 768 1024 1440 1920,200,0,0,False,34398776175,automated browser capture; not individual manual sign-off
https://boiseconstruction.co/resources,320 390 430 768 1024 1440 1920,200,0,0,False,34398776175,automated browser capture; not individual manual sign-off
https://boiseconstruction.co/resources/ada-canyon-permit-flow,320 390 430 768 1024 1440 1920,200,0,0,False,34398776175,automated browser capture; not individual manual sign-off
https://boiseconstruction.co/services,320 390 430 768 1024 1440 1920,200,0,0,False,34398776175,automated browser capture; not individual manual sign-off
https://boiseconstruction.co/services/build-on-your-lot,320 390 430 768 1024 1440 1920,200,0,0,False,34398776175,automated browser capture; not individual manual sign-off
https://boiseconstruction.co/services/build-on-your-lot/boise,320 390 430 768 1024 1440 1920,200,0,0,False,34398776175,automated browser capture; not individual manual sign-off
https://boiseconstruction.co/services/build-on-your-lot/caldwell,320 390 430 768 1024 1440 1920,200,0,0,False,34398776175,automated browser capture; not individual manual sign-off
https://boiseconstruction.co/services/build-on-your-lot/eagle,320 390 430 768 1024 1440 1920,200,0,0,False,34398776175,automated browser capture; not individual manual sign-off
https://boiseconstruction.co/services/build-on-your-lot/garden-city,320 390 430 768 1024 1440 1920,200,0,0,False,34398776175,automated browser capture; not individual manual sign-off
https://boiseconstruction.co/services/build-on-your-lot/kuna,320 390 430 768 1024 1440 1920,200,0,0,False,34398776175,automated browser capture; not individual manual sign-off
https://boiseconstruction.co/services/build-on-your-lot/meridian,320 390 430 768 1024 1440 1920,200,0,0,False,34398776175,automated browser capture; not individual manual sign-off
https://boiseconstruction.co/services/build-on-your-lot/middleton,320 390 430 768 1024 1440 1920,200,0,0,False,34398776175,automated browser capture; not individual manual sign-off
https://boiseconstruction.co/services/build-on-your-lot/nampa,320 390 430 768 1024 1440 1920,200,0,0,False,34398776175,automated browser capture; not individual manual sign-off
https://boiseconstruction.co/services/build-on-your-lot/star,320 390 430 768 1024 1440 1920,200,0,0,False,34398776175,automated browser capture; not individual manual sign-off
https://boiseconstruction.co/services/custom-home-builder,320 390 430 768 1024 1440 1920,200,0,0,False,34398776175,automated browser capture; not individual manual sign-off
https://boiseconstruction.co/services/custom-home-builder/boise,320 390 430 768 1024 1440 1920,200,0,0,False,34398776175,automated browser capture; not individual manual sign-off
https://boiseconstruction.co/services/custom-home-builder/caldwell,320 390 430 768 1024 1440 1920,200,0,0,False,34398776175,automated browser capture; not individual manual sign-off
https://boiseconstruction.co/services/custom-home-builder/eagle,320 390 430 768 1024 1440 1920,200,0,0,False,34398776175,automated browser capture; not individual manual sign-off
https://boiseconstruction.co/services/custom-home-builder/garden-city,320 390 430 768 1024 1440 1920,200,0,0,False,34398776175,automated browser capture; not individual manual sign-off
https://boiseconstruction.co/services/custom-home-builder/kuna,320 390 430 768 1024 1440 1920,200,0,0,False,34398776175,automated browser capture; not individual manual sign-off
https://boiseconstruction.co/services/custom-home-builder/meridian,320 390 430 768 1024 1440 1920,200,0,0,False,34398776175,automated browser capture; not individual manual sign-off
https://boiseconstruction.co/services/custom-home-builder/middleton,320 390 430 768 1024 1440 1920,200,0,0,False,34398776175,automated browser capture; not individual manual sign-off
https://boiseconstruction.co/services/custom-home-builder/nampa,320 390 430 768 1024 1440 1920,200,0,0,False,34398776175,automated browser capture; not individual manual sign-off
https://boiseconstruction.co/services/custom-home-builder/star,320 390 430 768 1024 1440 1920,200,0,0,False,34398776175,automated browser capture; not individual manual sign-off
https://boiseconstruction.co/services/design-build,320 390 430 768 1024 1440 1920,200,0,0,False,34398776175,automated browser capture; not individual manual sign-off
https://boiseconstruction.co/services/design-build/boise,320 390 430 768 1024 1440 1920,200,0,0,False,34398776175,automated browser capture; not individual manual sign-off
https://boiseconstruction.co/services/design-build/caldwell,320 390 430 768 1024 1440 1920,200,0,0,False,34398776175,automated browser capture; not individual manual sign-off
https://boiseconstruction.co/services/design-build/eagle,320 390 430 768 1024 1440 1920,200,0,0,False,34398776175,automated browser capture; not individual manual sign-off
https://boiseconstruction.co/services/design-build/garden-city,320 390 430 768 1024 1440 1920,200,0,0,False,34398776175,automated browser capture; not individual manual sign-off
https://boiseconstruction.co/services/design-build/kuna,320 390 430 768 1024 1440 1920,200,0,0,False,34398776175,automated browser capture; not individual manual sign-off
https://boiseconstruction.co/services/design-build/meridian,320 390 430 768 1024 1440 1920,200,0,0,False,34398776175,automated browser capture; not individual manual sign-off
https://boiseconstruction.co/services/design-build/middleton,320 390 430 768 1024 1440 1920,200,0,0,False,34398776175,automated browser capture; not individual manual sign-off
https://boiseconstruction.co/services/design-build/nampa,320 390 430 768 1024 1440 1920,200,0,0,False,34398776175,automated browser capture; not individual manual sign-off
https://boiseconstruction.co/services/design-build/star,320 390 430 768 1024 1440 1920,200,0,0,False,34398776175,automated browser capture; not individual manual sign-off
https://boiseconstruction.co/services/energy-efficient-homes,320 390 430 768 1024 1440 1920,200,0,0,False,34398776175,automated browser capture; not individual manual sign-off
https://boiseconstruction.co/services/energy-efficient-homes/boise,320 390 430 768 1024 1440 1920,200,0,0,False,34398776175,automated browser capture; not individual manual sign-off
https://boiseconstruction.co/services/energy-efficient-homes/caldwell,320 390 430 768 1024 1440 1920,200,0,0,False,34401259790,automated browser capture; not individual manual sign-off
https://boiseconstruction.co/services/energy-efficient-homes/eagle,320 390 430 768 1024 1440 1920,200,0,0,False,34398776175,automated browser capture; not individual manual sign-off
https://boiseconstruction.co/services/energy-efficient-homes/garden-city,320 390 430 768 1024 1440 1920,200,0,0,False,34398776175,automated browser capture; not individual manual sign-off
https://boiseconstruction.co/services/energy-efficient-homes/kuna,320 390 430 768 1024 1440 1920,200,0,0,False,34401259790,automated browser capture; not individual manual sign-off
https://boiseconstruction.co/services/energy-efficient-homes/meridian,320 390 430 768 1024 1440 1920,200,0,0,False,34398776175,automated browser capture; not individual manual sign-off
https://boiseconstruction.co/services/energy-efficient-homes/middleton,320 390 430 768 1024 1440 1920,200,0,0,False,34401259790,automated browser capture; not individual manual sign-off
https://boiseconstruction.co/services/energy-efficient-homes/nampa,320 390 430 768 1024 1440 1920,200,0,0,False,34398776175,automated browser capture; not individual manual sign-off
https://boiseconstruction.co/services/energy-efficient-homes/star,320 390 430 768 1024 1440 1920,200,0,0,False,34401259790,automated browser capture; not individual manual sign-off
https://boiseconstruction.co/services/home-additions,320 390 430 768 1024 1440 1920,200,0,0,False,34398776175,automated browser capture; not individual manual sign-off
https://boiseconstruction.co/services/home-additions/boise,320 390 430 768 1024 1440 1920,200,0,0,False,34398776175,automated browser capture; not individual manual sign-off
https://boiseconstruction.co/services/home-additions/caldwell,320 390 430 768 1024 1440 1920,200,0,0,False,34398776175,automated browser capture; not individual manual sign-off
https://boiseconstruction.co/services/home-additions/eagle,320 390 430 768 1024 1440 1920,200,0,0,False,34398776175,automated browser capture; not individual manual sign-off
https://boiseconstruction.co/services/home-additions/garden-city,320 390 430 768 1024 1440 1920,200,0,0,False,34398776175,automated browser capture; not individual manual sign-off
https://boiseconstruction.co/services/home-additions/kuna,320 390 430 768 1024 1440 1920,200,0,0,False,34398776175,automated browser capture; not individual manual sign-off
https://boiseconstruction.co/services/home-additions/meridian,320 390 430 768 1024 1440 1920,200,0,0,False,34398776175,automated browser capture; not individual manual sign-off
https://boiseconstruction.co/services/home-additions/middleton,320 390 430 768 1024 1440 1920,200,0,0,False,34398776175,automated browser capture; not individual manual sign-off
https://boiseconstruction.co/services/home-additions/nampa,320 390 430 768 1024 1440 1920,200,0,0,False,34398776175,automated browser capture; not individual manual sign-off
https://boiseconstruction.co/services/home-additions/star,320 390 430 768 1024 1440 1920,200,0,0,False,34398776175,automated browser capture; not individual manual sign-off
https://boiseconstruction.co/services/home-plans-design,320 390 430 768 1024 1440 1920,200,0,0,False,34398776175,automated browser capture; not individual manual sign-off
https://boiseconstruction.co/services/home-plans-design/boise,320 390 430 768 1024 1440 1920,200,0,0,False,34398776175,automated browser capture; not individual manual sign-off
https://boiseconstruction.co/services/home-plans-design/caldwell,320 390 430 768 1024 1440 1920,200,0,0,False,34398776175,automated browser capture; not individual manual sign-off
https://boiseconstruction.co/services/home-plans-design/eagle,320 390 430 768 1024 1440 1920,200,0,0,False,34398776175,automated browser capture; not individual manual sign-off
https://boiseconstruction.co/services/home-plans-design/garden-city,320 390 430 768 1024 1440 1920,200,0,0,False,34398776175,automated browser capture; not individual manual sign-off
https://boiseconstruction.co/services/home-plans-design/kuna,320 390 430 768 1024 1440 1920,200,0,0,False,34398776175,automated browser capture; not individual manual sign-off
https://boiseconstruction.co/services/home-plans-design/meridian,320 390 430 768 1024 1440 1920,200,0,0,False,34398776175,automated browser capture; not individual manual sign-off
https://boiseconstruction.co/services/home-plans-design/middleton,320 390 430 768 1024 1440 1920,200,0,0,False,34398776175,automated browser capture; not individual manual sign-off
https://boiseconstruction.co/services/home-plans-design/nampa,320 390 430 768 1024 1440 1920,200,0,0,False,34398776175,automated browser capture; not individual manual sign-off
https://boiseconstruction.co/services/home-plans-design/star,320 390 430 768 1024 1440 1920,200,0,0,False,34398776175,automated browser capture; not individual manual sign-off
https://boiseconstruction.co/services/lot-evaluation,320 390 430 768 1024 1440 1920,200,0,0,False,34398776175,automated browser capture; not individual manual sign-off
https://boiseconstruction.co/services/lot-evaluation/boise,320 390 430 768 1024 1440 1920,200,0,0,False,34398776175,automated browser capture; not individual manual sign-off
https://boiseconstruction.co/services/lot-evaluation/caldwell,320 390 430 768 1024 1440 1920,200,0,0,False,34401259790,automated browser capture; not individual manual sign-off
https://boiseconstruction.co/services/lot-evaluation/eagle,320 390 430 768 1024 1440 1920,200,0,0,False,34398776175,automated browser capture; not individual manual sign-off
https://boiseconstruction.co/services/lot-evaluation/garden-city,320 390 430 768 1024 1440 1920,200,0,0,False,34398776175,automated browser capture; not individual manual sign-off
https://boiseconstruction.co/services/lot-evaluation/kuna,320 390 430 768 1024 1440 1920,200,0,0,False,34401259790,automated browser capture; not individual manual sign-off
https://boiseconstruction.co/services/lot-evaluation/meridian,320 390 430 768 1024 1440 1920,200,0,0,False,34398776175,automated browser capture; not individual manual sign-off
https://boiseconstruction.co/services/lot-evaluation/middleton,320 390 430 768 1024 1440 1920,200,0,0,False,34401259790,automated browser capture; not individual manual sign-off
https://boiseconstruction.co/services/lot-evaluation/nampa,320 390 430 768 1024 1440 1920,200,0,0,False,34398776175,automated browser capture; not individual manual sign-off
https://boiseconstruction.co/services/lot-evaluation/star,320 390 430 768 1024 1440 1920,200,0,0,False,34401259790,automated browser capture; not individual manual sign-off
https://boiseconstruction.co/services/semi-custom-homes,320 390 430 768 1024 1440 1920,200,0,0,False,34398776175,automated browser capture; not individual manual sign-off
https://boiseconstruction.co/services/semi-custom-homes/boise,320 390 430 768 1024 1440 1920,200,0,0,False,34398776175,automated browser capture; not individual manual sign-off
https://boiseconstruction.co/services/semi-custom-homes/caldwell,320 390 430 768 1024 1440 1920,200,0,0,False,34398776175,automated browser capture; not individual manual sign-off
https://boiseconstruction.co/services/semi-custom-homes/eagle,320 390 430 768 1024 1440 1920,200,0,0,False,34398776175,automated browser capture; not individual manual sign-off
https://boiseconstruction.co/services/semi-custom-homes/garden-city,320 390 430 768 1024 1440 1920,200,0,0,False,34398776175,automated browser capture; not individual manual sign-off
https://boiseconstruction.co/services/semi-custom-homes/kuna,320 390 430 768 1024 1440 1920,200,0,0,False,34398776175,automated browser capture; not individual manual sign-off
https://boiseconstruction.co/services/semi-custom-homes/meridian,320 390 430 768 1024 1440 1920,200,0,0,False,34398776175,automated browser capture; not individual manual sign-off
https://boiseconstruction.co/services/semi-custom-homes/middleton,320 390 430 768 1024 1440 1920,200,0,0,False,34398776175,automated browser capture; not individual manual sign-off
https://boiseconstruction.co/services/semi-custom-homes/nampa,320 390 430 768 1024 1440 1920,200,0,0,False,34398776175,automated browser capture; not individual manual sign-off
https://boiseconstruction.co/services/semi-custom-homes/star,320 390 430 768 1024 1440 1920,200,0,0,False,34398776175,automated browser capture; not individual manual sign-off
https://boiseconstruction.co/services/shop-homes-barndominiums,320 390 430 768 1024 1440 1920,200,0,0,False,34398776175,automated browser capture; not individual manual sign-off
https://boiseconstruction.co/services/shop-homes-barndominiums/boise,320 390 430 768 1024 1440 1920,200,0,0,False,34401259790,automated browser capture; not individual manual sign-off
https://boiseconstruction.co/services/shop-homes-barndominiums/caldwell,320 390 430 768 1024 1440 1920,200,0,0,False,34398776175,automated browser capture; not individual manual sign-off
https://boiseconstruction.co/services/shop-homes-barndominiums/eagle,320 390 430 768 1024 1440 1920,200,0,0,False,34398776175,automated browser capture; not individual manual sign-off
https://boiseconstruction.co/services/shop-homes-barndominiums/garden-city,320 390 430 768 1024 1440 1920,200,0,0,False,34398776175,automated browser capture; not individual manual sign-off
https://boiseconstruction.co/services/shop-homes-barndominiums/kuna,320 390 430 768 1024 1440 1920,200,0,0,False,34398776175,automated browser capture; not individual manual sign-off
https://boiseconstruction.co/services/shop-homes-barndominiums/meridian,320 390 430 768 1024 1440 1920,200,0,0,False,34398776175,automated browser capture; not individual manual sign-off
https://boiseconstruction.co/services/shop-homes-barndominiums/middleton,320 390 430 768 1024 1440 1920,200,0,0,False,34398776175,automated browser capture; not individual manual sign-off
https://boiseconstruction.co/services/shop-homes-barndominiums/nampa,320 390 430 768 1024 1440 1920,200,0,0,False,34398776175,automated browser capture; not individual manual sign-off
https://boiseconstruction.co/services/shop-homes-barndominiums/star,320 390 430 768 1024 1440 1920,200,0,0,False,34398776175,automated browser capture; not individual manual sign-off
https://boiseconstruction.co/sitemap,320 390 430 768 1024 1440 1920,200,0,0,False,34398776175,automated browser capture; not individual manual sign-off
https://boiseconstruction.co/terms-of-service,320 390 430 768 1024 1440 1920,200,0,0,False,34398776175,automated browser capture; not individual manual sign-off
https://boisehandyman.co,320 390 430 768 1024 1440 1920,200,0,0,False,34398776175 34401259790,automated browser capture; not individual manual sign-off
https://boisehandyman.co/about,320 390 430 768 1024 1440 1920,200,0,0,False,34398776175 34401259790,automated browser capture; not individual manual sign-off
https://boisehandyman.co/areas,320 390 430 768 1024 1440 1920,200,0,0,False,34398776175,automated browser capture; not individual manual sign-off
https://boisehandyman.co/areas/boise,320 390 430 768 1024 1440 1920,200,0,0,False,34398776175,automated browser capture; not individual manual sign-off
https://boisehandyman.co/areas/caldwell,320 390 430 768 1024 1440 1920,200,0,0,False,34398776175,automated browser capture; not individual manual sign-off
https://boisehandyman.co/areas/eagle,320 390 430 768 1024 1440 1920,200,0,0,False,34398776175,automated browser capture; not individual manual sign-off
https://boisehandyman.co/areas/garden-city,320 390 430 768 1024 1440 1920,200,0,0,False,34398776175,automated browser capture; not individual manual sign-off
https://boisehandyman.co/areas/kuna,320 390 430 768 1024 1440 1920,200,0,0,False,34398776175,automated browser capture; not individual manual sign-off
https://boisehandyman.co/areas/meridian,320 390 430 768 1024 1440 1920,200,0,0,False,34398776175,automated browser capture; not individual manual sign-off
https://boisehandyman.co/areas/middleton,320 390 430 768 1024 1440 1920,200,0,0,False,34398776175,automated browser capture; not individual manual sign-off
https://boisehandyman.co/areas/nampa,320 390 430 768 1024 1440 1920,200,0,0,False,34398776175,automated browser capture; not individual manual sign-off
https://boisehandyman.co/areas/star,320 390 430 768 1024 1440 1920,200,0,0,False,34398776175,automated browser capture; not individual manual sign-off
https://boisehandyman.co/blog,320 390 430 768 1024 1440 1920,200,0,0,False,34398776175,automated browser capture; not individual manual sign-off
https://boisehandyman.co/blog/ada-vs-canyon-county-permit-timelines,320 390 430 768 1024 1440 1920,200,0,0,False,34398776175,automated browser capture; not individual manual sign-off
https://boisehandyman.co/blog/aging-in-place-home-design,320 390 430 768 1024 1440 1920,200,0,0,False,34398776175,automated browser capture; not individual manual sign-off
https://boisehandyman.co/blog/boise-building-permit-guide,320 390 430 768 1024 1440 1920,200,0,0,False,34398776175,automated browser capture; not individual manual sign-off
https://boisehandyman.co/blog/category/costs-and-hiring,320 390 430 768 1024 1440 1920,200,0,0,False,34398776175,automated browser capture; not individual manual sign-off
https://boisehandyman.co/blog/category/exterior-and-outdoor,320 390 430 768 1024 1440 1920,200,0,0,False,34401259790,automated browser capture; not individual manual sign-off
https://boisehandyman.co/blog/category/home-maintenance,320 390 430 768 1024 1440 1920,200,0,0,False,34398776175,automated browser capture; not individual manual sign-off
https://boisehandyman.co/blog/category/installs-and-upgrades,320 390 430 768 1024 1440 1920,200,0,0,False,34398776175,automated browser capture; not individual manual sign-off
https://boisehandyman.co/blog/category/repairs-and-fixes,320 390 430 768 1024 1440 1920,200,0,0,False,34398776175,automated browser capture; not individual manual sign-off
https://boisehandyman.co/blog/caulking-guide-boise-homes,320 390 430 768 1024 1440 1920,200,0,0,False,34398776175,automated browser capture; not individual manual sign-off
https://boisehandyman.co/blog/common-toilet-problems-and-fixes,320 390 430 768 1024 1440 1920,200,0,0,False,34398776175,automated browser capture; not individual manual sign-off
https://boisehandyman.co/blog/deck-maintenance-boise,320 390 430 768 1024 1440 1920,200,0,0,False,34398776175,automated browser capture; not individual manual sign-off
https://boisehandyman.co/blog/diy-vs-hiring-a-handyman,320 390 430 768 1024 1440 1920,200,0,0,False,34398776175,automated browser capture; not individual manual sign-off
https://boisehandyman.co/blog/drywall-repair-cost-boise,320 390 430 768 1024 1440 1920,200,0,0,False,34398776175,automated browser capture; not individual manual sign-off
https://boisehandyman.co/blog/energy-saving-home-fixes-boise,320 390 430 768 1024 1440 1920,200,0,0,False,34398776175,automated browser capture; not individual manual sign-off
https://boisehandyman.co/blog/fence-repair-treasure-valley,320 390 430 768 1024 1440 1920,200,0,0,False,34398776175,automated browser capture; not individual manual sign-off
https://boisehandyman.co/blog/fixing-squeaky-floors-and-sticking-doors,320 390 430 768 1024 1440 1920,200,0,0,False,34398776175,automated browser capture; not individual manual sign-off
https://boisehandyman.co/blog/gutter-cleaning-schedule-boise,320 390 430 768 1024 1440 1920,200,0,0,False,34398776175,automated browser capture; not individual manual sign-off
https://boisehandyman.co/blog/handyman-prices-boise,320 390 430 768 1024 1440 1920,200,0,0,False,34398776175,automated browser capture; not individual manual sign-off
https://boisehandyman.co/blog/handyman-red-flags,320 390 430 768 1024 1440 1920,200,0,0,False,34398776175,automated browser capture; not individual manual sign-off
https://boisehandyman.co/blog/handyman-vs-contractor,320 390 430 768 1024 1440 1920,200,0,0,False,34398776175,automated browser capture; not individual manual sign-off
https://boisehandyman.co/blog/home-maintenance-budget-idaho,320 390 430 768 1024 1440 1920,200,0,0,False,34398776175,automated browser capture; not individual manual sign-off
https://boisehandyman.co/blog/home-repairs-before-selling-boise,320 390 430 768 1024 1440 1920,200,0,0,False,34398776175,automated browser capture; not individual manual sign-off
https://boisehandyman.co/blog/hourly-rate-vs-flat-rate-handyman,320 390 430 768 1024 1440 1920,200,0,0,False,34398776175,automated browser capture; not individual manual sign-off
https://boisehandyman.co/blog/how-long-do-common-home-repairs-take,320 390 430 768 1024 1440 1920,200,0,0,False,34398776175,automated browser capture; not individual manual sign-off
https://boisehandyman.co/blog/how-to-budget-home-repairs-boise,320 390 430 768 1024 1440 1920,200,0,0,False,34398776175,automated browser capture; not individual manual sign-off
https://boisehandyman.co/blog/how-to-compare-handyman-quotes,320 390 430 768 1024 1440 1920,200,0,0,False,34398776175,automated browser capture; not individual manual sign-off
https://boisehandyman.co/blog/how-to-patch-drywall,320 390 430 768 1024 1440 1920,200,0,0,False,34398776175,automated browser capture; not individual manual sign-off
https://boisehandyman.co/blog/interior-paint-touch-up-guide,320 390 430 768 1024 1440 1920,200,0,0,False,34398776175,automated browser capture; not individual manual sign-off
https://boisehandyman.co/blog/new-home-punch-list-handyman,320 390 430 768 1024 1440 1920,200,0,0,False,34398776175,automated browser capture; not individual manual sign-off
https://boisehandyman.co/blog/preparing-your-boise-home-for-winter,320 390 430 768 1024 1440 1920,200,0,0,False,34398776175,automated browser capture; not individual manual sign-off
https://boisehandyman.co/blog/questions-to-ask-a-handyman,320 390 430 768 1024 1440 1920,200,0,0,False,34398776175,automated browser capture; not individual manual sign-off
https://boisehandyman.co/blog/replacing-faucets-and-fixtures,320 390 430 768 1024 1440 1920,200,0,0,False,34398776175,automated browser capture; not individual manual sign-off
https://boisehandyman.co/blog/seasonal-home-maintenance-checklist-boise,320 390 430 768 1024 1440 1920,200,0,0,False,34398776175,automated browser capture; not individual manual sign-off
https://boisehandyman.co/blog/small-home-upgrade-ideas-boise,320 390 430 768 1024 1440 1920,200,0,0,False,34398776175,automated browser capture; not individual manual sign-off
https://boisehandyman.co/blog/tv-mounting-and-anchoring-guide,320 390 430 768 1024 1440 1920,200,0,0,False,34398776175,automated browser capture; not individual manual sign-off
https://boisehandyman.co/blog/what-small-home-repairs-cost-boise,320 390 430 768 1024 1440 1920,200,0,0,False,34398776175,automated browser capture; not individual manual sign-off
https://boisehandyman.co/blog/what-to-expect-first-handyman-visit,320 390 430 768 1024 1440 1920,200,0,0,False,34398776175,automated browser capture; not individual manual sign-off
https://boisehandyman.co/blog/who-supplies-materials-handyman-jobs,320 390 430 768 1024 1440 1920,200,0,0,False,34398776175,automated browser capture; not individual manual sign-off
https://boisehandyman.co/blog/why-handyman-quotes-vary,320 390 430 768 1024 1440 1920,200,0,0,False,34398776175,automated browser capture; not individual manual sign-off
https://boisehandyman.co/contact,320 390 430 768 1024 1440 1920,200,0,0,False,34398776175,automated browser capture; not individual manual sign-off
https://boisehandyman.co/estimate,320 390 430 768 1024 1440 1920,200,0,0,False,34398776175,automated browser capture; not individual manual sign-off
https://boisehandyman.co/guides,320 390 430 768 1024 1440 1920,200,0,0,False,34398776175,automated browser capture; not individual manual sign-off
https://boisehandyman.co/guides/boise-handyman-guide,320 390 430 768 1024 1440 1920,200,0,0,False,34398776175,automated browser capture; not individual manual sign-off
https://boisehandyman.co/guides/boise-home-maintenance-guide,320 390 430 768 1024 1440 1920,200,0,0,False,34398776175,automated browser capture; not individual manual sign-off
https://boisehandyman.co/guides/boise-home-repair-cost-guide,320 390 430 768 1024 1440 1920,200,0,0,False,34398776175,automated browser capture; not individual manual sign-off
https://boisehandyman.co/guides/caldwell-handyman-guide,320 390 430 768 1024 1440 1920,200,0,0,False,34398776175,automated browser capture; not individual manual sign-off
https://boisehandyman.co/guides/eagle-foothills-handyman-guide,320 390 430 768 1024 1440 1920,200,0,0,False,34398776175,automated browser capture; not individual manual sign-off
https://boisehandyman.co/guides/eagle-handyman-guide,320 390 430 768 1024 1440 1920,200,0,0,False,34398776175,automated browser capture; not individual manual sign-off
https://boisehandyman.co/guides/first-time-homeowner-repair-handbook,320 390 430 768 1024 1440 1920,200,0,0,False,34398776175,automated browser capture; not individual manual sign-off
https://boisehandyman.co/guides/harris-ranch-handyman-guide,320 390 430 768 1024 1440 1920,200,0,0,False,34398776175,automated browser capture; not individual manual sign-off
https://boisehandyman.co/guides/hidden-springs-handyman-guide,320 390 430 768 1024 1440 1920,200,0,0,False,34398776175,automated browser capture; not individual manual sign-off
https://boisehandyman.co/guides/hire-a-handyman-treasure-valley,320 390 430 768 1024 1440 1920,200,0,0,False,34398776175,automated browser capture; not individual manual sign-off
https://boisehandyman.co/guides/kuna-handyman-guide,320 390 430 768 1024 1440 1920,200,0,0,False,34398776175,automated browser capture; not individual manual sign-off
https://boisehandyman.co/guides/meridian-handyman-guide,320 390 430 768 1024 1440 1920,200,0,0,False,34398776175,automated browser capture; not individual manual sign-off
https://boisehandyman.co/guides/middleton-handyman-guide,320 390 430 768 1024 1440 1920,200,0,0,False,34398776175,automated browser capture; not individual manual sign-off
https://boisehandyman.co/guides/nampa-handyman-guide,320 390 430 768 1024 1440 1920,200,0,0,False,34398776175,automated browser capture; not individual manual sign-off
https://boisehandyman.co/guides/small-home-upgrades-that-pay-off,320 390 430 768 1024 1440 1920,200,0,0,False,34398776175,automated browser capture; not individual manual sign-off
https://boisehandyman.co/guides/star-handyman-guide,320 390 430 768 1024 1440 1920,200,0,0,False,34398776175,automated browser capture; not individual manual sign-off
https://boisehandyman.co/guides/treasure-valley-exterior-home-care-guide,320 390 430 768 1024 1440 1920,200,0,0,False,34398776175,automated browser capture; not individual manual sign-off
https://boisehandyman.co/privacy-policy,320 390 430 768 1024 1440 1920,200,0,0,False,34398776175,automated browser capture; not individual manual sign-off
https://boisehandyman.co/re-10-repairs-boise,320 390 430 768 1024 1440 1920,200,0,0,False,34398776175,automated browser capture; not individual manual sign-off
https://boisehandyman.co/resources,320 390 430 768 1024 1440 1920,200,0,0,False,34398776175,automated browser capture; not individual manual sign-off
https://boisehandyman.co/resources/ada-canyon-permit-flow,320 390 430 768 1024 1440 1920,200,0,0,False,34398776175,automated browser capture; not individual manual sign-off
https://boisehandyman.co/services,320 390 430 768 1024 1440 1920,200,0,0,False,34398776175,automated browser capture; not individual manual sign-off
https://boisehandyman.co/services/carpentry-trim-repair,320 390 430 768 1024 1440 1920,200,0,0,False,34398776175,automated browser capture; not individual manual sign-off
https://boisehandyman.co/services/carpentry-trim-repair/boise,320 390 430 768 1024 1440 1920,200,0,0,False,34398776175,automated browser capture; not individual manual sign-off
https://boisehandyman.co/services/carpentry-trim-repair/caldwell,320 390 430 768 1024 1440 1920,200,0,0,False,34398776175,automated browser capture; not individual manual sign-off
https://boisehandyman.co/services/carpentry-trim-repair/eagle,320 390 430 768 1024 1440 1920,200,0,0,False,34398776175,automated browser capture; not individual manual sign-off
https://boisehandyman.co/services/carpentry-trim-repair/garden-city,320 390 430 768 1024 1440 1920,200,0,0,False,34398776175,automated browser capture; not individual manual sign-off
https://boisehandyman.co/services/carpentry-trim-repair/kuna,320 390 430 768 1024 1440 1920,200,0,0,False,34398776175,automated browser capture; not individual manual sign-off
https://boisehandyman.co/services/carpentry-trim-repair/meridian,320 390 430 768 1024 1440 1920,200,0,0,False,34398776175,automated browser capture; not individual manual sign-off
https://boisehandyman.co/services/carpentry-trim-repair/middleton,320 390 430 768 1024 1440 1920,200,0,0,False,34398776175,automated browser capture; not individual manual sign-off
https://boisehandyman.co/services/carpentry-trim-repair/nampa,320 390 430 768 1024 1440 1920,200,0,0,False,34398776175,automated browser capture; not individual manual sign-off
https://boisehandyman.co/services/carpentry-trim-repair/star,320 390 430 768 1024 1440 1920,200,0,0,False,34398776175,automated browser capture; not individual manual sign-off
https://boisehandyman.co/services/drywall-repair,320 390 430 768 1024 1440 1920,200,0,0,False,34398776175,automated browser capture; not individual manual sign-off
https://boisehandyman.co/services/drywall-repair/boise,320 390 430 768 1024 1440 1920,200,0,0,False,34398776175,automated browser capture; not individual manual sign-off
https://boisehandyman.co/services/drywall-repair/caldwell,320 390 430 768 1024 1440 1920,200,0,0,False,34398776175,automated browser capture; not individual manual sign-off
https://boisehandyman.co/services/drywall-repair/eagle,320 390 430 768 1024 1440 1920,200,0,0,False,34398776175,automated browser capture; not individual manual sign-off
https://boisehandyman.co/services/drywall-repair/garden-city,320 390 430 768 1024 1440 1920,200,0,0,False,34398776175,automated browser capture; not individual manual sign-off
https://boisehandyman.co/services/drywall-repair/kuna,320 390 430 768 1024 1440 1920,200,0,0,False,34398776175,automated browser capture; not individual manual sign-off
https://boisehandyman.co/services/drywall-repair/meridian,320 390 430 768 1024 1440 1920,200,0,0,False,34398776175,automated browser capture; not individual manual sign-off
https://boisehandyman.co/services/drywall-repair/middleton,320 390 430 768 1024 1440 1920,200,0,0,False,34398776175,automated browser capture; not individual manual sign-off
https://boisehandyman.co/services/drywall-repair/nampa,320 390 430 768 1024 1440 1920,200,0,0,False,34398776175,automated browser capture; not individual manual sign-off
https://boisehandyman.co/services/drywall-repair/star,320 390 430 768 1024 1440 1920,200,0,0,False,34398776175,automated browser capture; not individual manual sign-off
https://boisehandyman.co/services/electrical-repairs,320 390 430 768 1024 1440 1920,200,0,0,False,34398776175,automated browser capture; not individual manual sign-off
https://boisehandyman.co/services/electrical-repairs/boise,320 390 430 768 1024 1440 1920,200,0,0,False,34398776175,automated browser capture; not individual manual sign-off
https://boisehandyman.co/services/electrical-repairs/caldwell,320 390 430 768 1024 1440 1920,200,0,0,False,34398776175,automated browser capture; not individual manual sign-off
https://boisehandyman.co/services/electrical-repairs/eagle,320 390 430 768 1024 1440 1920,200,0,0,False,34398776175,automated browser capture; not individual manual sign-off
https://boisehandyman.co/services/electrical-repairs/garden-city,320 390 430 768 1024 1440 1920,200,0,0,False,34398776175,automated browser capture; not individual manual sign-off
https://boisehandyman.co/services/electrical-repairs/kuna,320 390 430 768 1024 1440 1920,200,0,0,False,34398776175,automated browser capture; not individual manual sign-off
https://boisehandyman.co/services/electrical-repairs/meridian,320 390 430 768 1024 1440 1920,200,0,0,False,34398776175,automated browser capture; not individual manual sign-off
https://boisehandyman.co/services/electrical-repairs/middleton,320 390 430 768 1024 1440 1920,200,0,0,False,34398776175,automated browser capture; not individual manual sign-off
https://boisehandyman.co/services/electrical-repairs/nampa,320 390 430 768 1024 1440 1920,200,0,0,False,34398776175,automated browser capture; not individual manual sign-off
https://boisehandyman.co/services/electrical-repairs/star,320 390 430 768 1024 1440 1920,200,0,0,False,34398776175,automated browser capture; not individual manual sign-off
https://boisehandyman.co/services/fence-deck-gutter-repair,320 390 430 768 1024 1440 1920,200,0,0,False,34398776175,automated browser capture; not individual manual sign-off
https://boisehandyman.co/services/fence-deck-gutter-repair/boise,320 390 430 768 1024 1440 1920,200,0,0,False,34398776175,automated browser capture; not individual manual sign-off
https://boisehandyman.co/services/fence-deck-gutter-repair/caldwell,320 390 430 768 1024 1440 1920,200,0,0,False,34398776175,automated browser capture; not individual manual sign-off
https://boisehandyman.co/services/fence-deck-gutter-repair/eagle,320 390 430 768 1024 1440 1920,200,0,0,False,34398776175,automated browser capture; not individual manual sign-off
https://boisehandyman.co/services/fence-deck-gutter-repair/garden-city,320 390 430 768 1024 1440 1920,200,0,0,False,34398776175,automated browser capture; not individual manual sign-off
https://boisehandyman.co/services/fence-deck-gutter-repair/kuna,320 390 430 768 1024 1440 1920,200,0,0,False,34398776175,automated browser capture; not individual manual sign-off
https://boisehandyman.co/services/fence-deck-gutter-repair/meridian,320 390 430 768 1024 1440 1920,200,0,0,False,34398776175,automated browser capture; not individual manual sign-off
https://boisehandyman.co/services/fence-deck-gutter-repair/middleton,320 390 430 768 1024 1440 1920,200,0,0,False,34398776175,automated browser capture; not individual manual sign-off
https://boisehandyman.co/services/fence-deck-gutter-repair/nampa,320 390 430 768 1024 1440 1920,200,0,0,False,34398776175,automated browser capture; not individual manual sign-off
https://boisehandyman.co/services/fence-deck-gutter-repair/star,320 390 430 768 1024 1440 1920,200,0,0,False,34398776175,automated browser capture; not individual manual sign-off
https://boisehandyman.co/services/home-maintenance,320 390 430 768 1024 1440 1920,200,0,0,False,34398776175,automated browser capture; not individual manual sign-off
https://boisehandyman.co/services/home-maintenance/boise,320 390 430 768 1024 1440 1920,200,0,0,False,34398776175,automated browser capture; not individual manual sign-off
https://boisehandyman.co/services/home-maintenance/caldwell,320 390 430 768 1024 1440 1920,200,0,0,False,34401259790,automated browser capture; not individual manual sign-off
https://boisehandyman.co/services/home-maintenance/eagle,320 390 430 768 1024 1440 1920,200,0,0,False,34398776175,automated browser capture; not individual manual sign-off
https://boisehandyman.co/services/home-maintenance/garden-city,320 390 430 768 1024 1440 1920,200,0,0,False,34398776175,automated browser capture; not individual manual sign-off
https://boisehandyman.co/services/home-maintenance/kuna,320 390 430 768 1024 1440 1920,200,0,0,False,34401259790,automated browser capture; not individual manual sign-off
https://boisehandyman.co/services/home-maintenance/meridian,320 390 430 768 1024 1440 1920,200,0,0,False,34398776175,automated browser capture; not individual manual sign-off
https://boisehandyman.co/services/home-maintenance/middleton,320 390 430 768 1024 1440 1920,200,0,0,False,34401259790,automated browser capture; not individual manual sign-off
https://boisehandyman.co/services/home-maintenance/nampa,320 390 430 768 1024 1440 1920,200,0,0,False,34398776175,automated browser capture; not individual manual sign-off
https://boisehandyman.co/services/home-maintenance/star,320 390 430 768 1024 1440 1920,200,0,0,False,34401259790,automated browser capture; not individual manual sign-off
https://boisehandyman.co/services/mounting-assembly,320 390 430 768 1024 1440 1920,200,0,0,False,34398776175,automated browser capture; not individual manual sign-off
https://boisehandyman.co/services/mounting-assembly/boise,320 390 430 768 1024 1440 1920,200,0,0,False,34398776175,automated browser capture; not individual manual sign-off
https://boisehandyman.co/services/mounting-assembly/caldwell,320 390 430 768 1024 1440 1920,200,0,0,False,34401259790,automated browser capture; not individual manual sign-off
https://boisehandyman.co/services/mounting-assembly/eagle,320 390 430 768 1024 1440 1920,200,0,0,False,34398776175,automated browser capture; not individual manual sign-off
https://boisehandyman.co/services/mounting-assembly/garden-city,320 390 430 768 1024 1440 1920,200,0,0,False,34398776175,automated browser capture; not individual manual sign-off
https://boisehandyman.co/services/mounting-assembly/kuna,320 390 430 768 1024 1440 1920,200,0,0,False,34401259790,automated browser capture; not individual manual sign-off
https://boisehandyman.co/services/mounting-assembly/meridian,320 390 430 768 1024 1440 1920,200,0,0,False,34398776175,automated browser capture; not individual manual sign-off
https://boisehandyman.co/services/mounting-assembly/middleton,320 390 430 768 1024 1440 1920,200,0,0,False,34401259790,automated browser capture; not individual manual sign-off
https://boisehandyman.co/services/mounting-assembly/nampa,320 390 430 768 1024 1440 1920,200,0,0,False,34398776175,automated browser capture; not individual manual sign-off
https://boisehandyman.co/services/mounting-assembly/star,320 390 430 768 1024 1440 1920,200,0,0,False,34401259790,automated browser capture; not individual manual sign-off
https://boisehandyman.co/services/painting-touch-ups,320 390 430 768 1024 1440 1920,200,0,0,False,34398776175,automated browser capture; not individual manual sign-off
https://boisehandyman.co/services/painting-touch-ups/boise,320 390 430 768 1024 1440 1920,200,0,0,False,34398776175,automated browser capture; not individual manual sign-off
https://boisehandyman.co/services/painting-touch-ups/caldwell,320 390 430 768 1024 1440 1920,200,0,0,False,34398776175,automated browser capture; not individual manual sign-off
https://boisehandyman.co/services/painting-touch-ups/eagle,320 390 430 768 1024 1440 1920,200,0,0,False,34398776175,automated browser capture; not individual manual sign-off
https://boisehandyman.co/services/painting-touch-ups/garden-city,320 390 430 768 1024 1440 1920,200,0,0,False,34398776175,automated browser capture; not individual manual sign-off
https://boisehandyman.co/services/painting-touch-ups/kuna,320 390 430 768 1024 1440 1920,200,0,0,False,34398776175,automated browser capture; not individual manual sign-off
https://boisehandyman.co/services/painting-touch-ups/meridian,320 390 430 768 1024 1440 1920,200,0,0,False,34398776175,automated browser capture; not individual manual sign-off
https://boisehandyman.co/services/painting-touch-ups/middleton,320 390 430 768 1024 1440 1920,200,0,0,False,34398776175,automated browser capture; not individual manual sign-off
https://boisehandyman.co/services/painting-touch-ups/nampa,320 390 430 768 1024 1440 1920,200,0,0,False,34398776175,automated browser capture; not individual manual sign-off
https://boisehandyman.co/services/painting-touch-ups/star,320 390 430 768 1024 1440 1920,200,0,0,False,34398776175,automated browser capture; not individual manual sign-off
https://boisehandyman.co/services/plumbing-repairs,320 390 430 768 1024 1440 1920,200,0,0,False,34398776175,automated browser capture; not individual manual sign-off
https://boisehandyman.co/services/plumbing-repairs/boise,320 390 430 768 1024 1440 1920,200,0,0,False,34398776175,automated browser capture; not individual manual sign-off
https://boisehandyman.co/services/plumbing-repairs/caldwell,320 390 430 768 1024 1440 1920,200,0,0,False,34398776175,automated browser capture; not individual manual sign-off
https://boisehandyman.co/services/plumbing-repairs/eagle,320 390 430 768 1024 1440 1920,200,0,0,False,34398776175,automated browser capture; not individual manual sign-off
https://boisehandyman.co/services/plumbing-repairs/garden-city,320 390 430 768 1024 1440 1920,200,0,0,False,34398776175,automated browser capture; not individual manual sign-off
https://boisehandyman.co/services/plumbing-repairs/kuna,320 390 430 768 1024 1440 1920,200,0,0,False,34398776175,automated browser capture; not individual manual sign-off
https://boisehandyman.co/services/plumbing-repairs/meridian,320 390 430 768 1024 1440 1920,200,0,0,False,34398776175,automated browser capture; not individual manual sign-off
https://boisehandyman.co/services/plumbing-repairs/middleton,320 390 430 768 1024 1440 1920,200,0,0,False,34398776175,automated browser capture; not individual manual sign-off
https://boisehandyman.co/services/plumbing-repairs/nampa,320 390 430 768 1024 1440 1920,200,0,0,False,34398776175,automated browser capture; not individual manual sign-off
https://boisehandyman.co/services/plumbing-repairs/star,320 390 430 768 1024 1440 1920,200,0,0,False,34398776175,automated browser capture; not individual manual sign-off
https://boisehandyman.co/sitemap,320 390 430 768 1024 1440 1920,200,0,0,False,34398776175,automated browser capture; not individual manual sign-off
https://boisehandyman.co/terms-of-service,320 390 430 768 1024 1440 1920,200,0,0,False,34398776175,automated browser capture; not individual manual sign-off
https://boiseremodeling.co,320 390 430 768 1024 1440 1920,200,0,0,False,34398776175 34401259790,automated browser capture; not individual manual sign-off
https://boiseremodeling.co/about,320 390 430 768 1024 1440 1920,200,0,0,False,34398776175 34401259790,automated browser capture; not individual manual sign-off
https://boiseremodeling.co/areas,320 390 430 768 1024 1440 1920,200,0,0,False,34398776175,automated browser capture; not individual manual sign-off
https://boiseremodeling.co/areas/boise,320 390 430 768 1024 1440 1920,200,0,0,False,34398776175,automated browser capture; not individual manual sign-off
https://boiseremodeling.co/areas/caldwell,320 390 430 768 1024 1440 1920,200,0,0,False,34398776175,automated browser capture; not individual manual sign-off
https://boiseremodeling.co/areas/eagle,320 390 430 768 1024 1440 1920,200,0,0,False,34398776175,automated browser capture; not individual manual sign-off
https://boiseremodeling.co/areas/kuna,320 390 430 768 1024 1440 1920,200,0,0,False,34398776175,automated browser capture; not individual manual sign-off
https://boiseremodeling.co/areas/meridian,320 390 430 768 1024 1440 1920,200,0,0,False,34398776175,automated browser capture; not individual manual sign-off
https://boiseremodeling.co/areas/middleton,320 390 430 768 1024 1440 1920,200,0,0,False,34398776175,automated browser capture; not individual manual sign-off
https://boiseremodeling.co/areas/nampa,320 390 430 768 1024 1440 1920,200,0,0,False,34398776175,automated browser capture; not individual manual sign-off
https://boiseremodeling.co/areas/star,320 390 430 768 1024 1440 1920,200,0,0,False,34398776175,automated browser capture; not individual manual sign-off
https://boiseremodeling.co/blog,320 390 430 768 1024 1440 1920,200,0,0,False,34398776175,automated browser capture; not individual manual sign-off
https://boiseremodeling.co/blog/ada-vs-canyon-county-permit-timelines,320 390 430 768 1024 1440 1920,200,0,0,False,34398776175,automated browser capture; not individual manual sign-off
https://boiseremodeling.co/blog/addition-roi-remodeling,320 390 430 768 1024 1440 1920,200,0,0,False,34398776175,automated browser capture; not individual manual sign-off
https://boiseremodeling.co/blog/adu-cost-boise,320 390 430 768 1024 1440 1920,200,0,0,False,34398776175,automated browser capture; not individual manual sign-off
https://boiseremodeling.co/blog/adu-guide-boise,320 390 430 768 1024 1440 1920,200,0,0,False,34398776175,automated browser capture; not individual manual sign-off
https://boiseremodeling.co/blog/aging-in-place-bathroom-design,320 390 430 768 1024 1440 1920,200,0,0,False,34398776175,automated browser capture; not individual manual sign-off
https://boiseremodeling.co/blog/backyard-transformations-boise,320 390 430 768 1024 1440 1920,200,0,0,False,34398776175,automated browser capture; not individual manual sign-off
https://boiseremodeling.co/blog/basement-finishing-boise,320 390 430 768 1024 1440 1920,200,0,0,False,34398776175,automated browser capture; not individual manual sign-off
https://boiseremodeling.co/blog/bathroom-layout-planning-guide,320 390 430 768 1024 1440 1920,200,0,0,False,34398776175,automated browser capture; not individual manual sign-off
https://boiseremodeling.co/blog/bathroom-remodel-cost-boise,320 390 430 768 1024 1440 1920,200,0,0,False,34398776175,automated browser capture; not individual manual sign-off
https://boiseremodeling.co/blog/bathroom-remodel-roi,320 390 430 768 1024 1440 1920,200,0,0,False,34398776175,automated browser capture; not individual manual sign-off
https://boiseremodeling.co/blog/bedroom-additions,320 390 430 768 1024 1440 1920,200,0,0,False,34398776175,automated browser capture; not individual manual sign-off
https://boiseremodeling.co/blog/boise-permit-guide,320 390 430 768 1024 1440 1920,200,0,0,False,34398776175,automated browser capture; not individual manual sign-off
https://boiseremodeling.co/blog/category/bathroom-remodeling,320 390 430 768 1024 1440 1920,200,0,0,False,34398776175,automated browser capture; not individual manual sign-off
https://boiseremodeling.co/blog/category/contractor-selection,320 390 430 768 1024 1440 1920,200,0,0,False,34398776175,automated browser capture; not individual manual sign-off
https://boiseremodeling.co/blog/category/home-additions,320 390 430 768 1024 1440 1920,200,0,0,False,34398776175,automated browser capture; not individual manual sign-off
https://boiseremodeling.co/blog/category/kitchen-remodeling,320 390 430 768 1024 1440 1920,200,0,0,False,34398776175,automated browser capture; not individual manual sign-off
https://boiseremodeling.co/blog/category/outdoor-living,320 390 430 768 1024 1440 1920,200,0,0,False,34398776175,automated browser capture; not individual manual sign-off
https://boiseremodeling.co/blog/category/remodeling-costs,320 390 430 768 1024 1440 1920,200,0,0,False,34398776175,automated browser capture; not individual manual sign-off
https://boiseremodeling.co/blog/category/remodeling-process,320 390 430 768 1024 1440 1920,200,0,0,False,34398776175,automated browser capture; not individual manual sign-off
https://boiseremodeling.co/blog/category/remodeling-roi,320 390 430 768 1024 1440 1920,200,0,0,False,34398776175,automated browser capture; not individual manual sign-off
https://boiseremodeling.co/blog/category/treasure-valley-locations,320 390 430 768 1024 1440 1920,200,0,0,False,34401259790,automated browser capture; not individual manual sign-off
https://boiseremodeling.co/blog/category/whole-home-remodeling,320 390 430 768 1024 1440 1920,200,0,0,False,34398776175,automated browser capture; not individual manual sign-off
https://boiseremodeling.co/blog/construction-phase-guide,320 390 430 768 1024 1440 1920,200,0,0,False,34398776175,automated browser capture; not individual manual sign-off
https://boiseremodeling.co/blog/consultation-process-remodeling,320 390 430 768 1024 1440 1920,200,0,0,False,34398776175,automated browser capture; not individual manual sign-off
https://boiseremodeling.co/blog/covered-patios-boise,320 390 430 768 1024 1440 1920,200,0,0,False,34398776175,automated browser capture; not individual manual sign-off
https://boiseremodeling.co/blog/curbless-shower-guide,320 390 430 768 1024 1440 1920,200,0,0,False,34398776175,automated browser capture; not individual manual sign-off
https://boiseremodeling.co/blog/decks-vs-patios-boise,320 390 430 768 1024 1440 1920,200,0,0,False,34398776175,automated browser capture; not individual manual sign-off
https://boiseremodeling.co/blog/design-build-process-guide,320 390 430 768 1024 1440 1920,200,0,0,False,34398776175,automated browser capture; not individual manual sign-off
https://boiseremodeling.co/blog/design-build-vs-general-contractor,320 390 430 768 1024 1440 1920,200,0,0,False,34398776175,automated browser capture; not individual manual sign-off
https://boiseremodeling.co/blog/design-development-guide,320 390 430 768 1024 1440 1920,200,0,0,False,34398776175,automated browser capture; not individual manual sign-off
https://boiseremodeling.co/blog/energy-efficiency-roi,320 390 430 768 1024 1440 1920,200,0,0,False,34398776175,automated browser capture; not individual manual sign-off
https://boiseremodeling.co/blog/exterior-remodeling-roi,320 390 430 768 1024 1440 1920,200,0,0,False,34398776175,automated browser capture; not individual manual sign-off
https://boiseremodeling.co/blog/fixed-price-vs-cost-plus,320 390 430 768 1024 1440 1920,200,0,0,False,34398776175,automated browser capture; not individual manual sign-off
https://boiseremodeling.co/blog/garage-conversions,320 390 430 768 1024 1440 1920,200,0,0,False,34398776175,automated browser capture; not individual manual sign-off
https://boiseremodeling.co/blog/home-addition-cost-boise,320 390 430 768 1024 1440 1920,200,0,0,False,34398776175,automated browser capture; not individual manual sign-off
https://boiseremodeling.co/blog/home-addition-timeline-guide,320 390 430 768 1024 1440 1920,200,0,0,False,34398776175,automated browser capture; not individual manual sign-off
https://boiseremodeling.co/blog/how-long-does-a-bathroom-remodel-take,320 390 430 768 1024 1440 1920,200,0,0,False,34398776175,automated browser capture; not individual manual sign-off
https://boiseremodeling.co/blog/how-to-budget-remodel-boise,320 390 430 768 1024 1440 1920,200,0,0,False,34398776175,automated browser capture; not individual manual sign-off
https://boiseremodeling.co/blog/how-to-choose-design-build-contractor,320 390 430 768 1024 1440 1920,200,0,0,False,34398776175,automated browser capture; not individual manual sign-off
https://boiseremodeling.co/blog/how-to-compare-remodeling-estimates,320 390 430 768 1024 1440 1920,200,0,0,False,34398776175,automated browser capture; not individual manual sign-off
https://boiseremodeling.co/blog/kitchen-cabinet-trends,320 390 430 768 1024 1440 1920,200,0,0,False,34398776175,automated browser capture; not individual manual sign-off
https://boiseremodeling.co/blog/kitchen-cabinet-trends-boise,320 390 430 768 1024 1440 1920,200,0,0,False,34398776175,automated browser capture; not individual manual sign-off
https://boiseremodeling.co/blog/kitchen-island-design-guide,320 390 430 768 1024 1440 1920,200,0,0,False,34398776175,automated browser capture; not individual manual sign-off
https://boiseremodeling.co/blog/kitchen-layout-ideas-boise-homes,320 390 430 768 1024 1440 1920,200,0,0,False,34398776175,automated browser capture; not individual manual sign-off
https://boiseremodeling.co/blog/kitchen-remodel-cost-boise,320 390 430 768 1024 1440 1920,200,0,0,False,34398776175,automated browser capture; not individual manual sign-off
https://boiseremodeling.co/blog/kitchen-remodel-roi,320 390 430 768 1024 1440 1920,200,0,0,False,34398776175,automated browser capture; not individual manual sign-off
https://boiseremodeling.co/blog/kitchen-remodel-timeline-boise,320 390 430 768 1024 1440 1920,200,0,0,False,34398776175,automated browser capture; not individual manual sign-off
https://boiseremodeling.co/blog/living-through-a-remodel,320 390 430 768 1024 1440 1920,200,0,0,False,34398776175,automated browser capture; not individual manual sign-off
https://boiseremodeling.co/blog/luxury-bathroom-features,320 390 430 768 1024 1440 1920,200,0,0,False,34398776175,automated browser capture; not individual manual sign-off
https://boiseremodeling.co/blog/luxury-outdoor-living,320 390 430 768 1024 1440 1920,200,0,0,False,34398776175,automated browser capture; not individual manual sign-off
https://boiseremodeling.co/blog/luxury-remodel-cost-boise,320 390 430 768 1024 1440 1920,200,0,0,False,34398776175,automated browser capture; not individual manual sign-off
https://boiseremodeling.co/blog/material-selection-guide,320 390 430 768 1024 1440 1920,200,0,0,False,34398776175,automated browser capture; not individual manual sign-off
https://boiseremodeling.co/blog/multigenerational-living-remodels,320 390 430 768 1024 1440 1920,200,0,0,False,34398776175,automated browser capture; not individual manual sign-off
https://boiseremodeling.co/blog/open-concept-kitchen-remodeling,320 390 430 768 1024 1440 1920,200,0,0,False,34398776175,automated browser capture; not individual manual sign-off
https://boiseremodeling.co/blog/outdoor-entertaining-spaces,320 390 430 768 1024 1440 1920,200,0,0,False,34398776175,automated browser capture; not individual manual sign-off
https://boiseremodeling.co/blog/outdoor-fireplaces-boise,320 390 430 768 1024 1440 1920,200,0,0,False,34398776175,automated browser capture; not individual manual sign-off
https://boiseremodeling.co/blog/outdoor-kitchens-boise,320 390 430 768 1024 1440 1920,200,0,0,False,34398776175,automated browser capture; not individual manual sign-off
https://boiseremodeling.co/blog/outdoor-living-roi,320 390 430 768 1024 1440 1920,200,0,0,False,34398776175,automated browser capture; not individual manual sign-off
https://boiseremodeling.co/blog/preconstruction-guide,320 390 430 768 1024 1440 1920,200,0,0,False,34398776175,automated browser capture; not individual manual sign-off
https://boiseremodeling.co/blog/primary-suite-additions,320 390 430 768 1024 1440 1920,200,0,0,False,34398776175,automated browser capture; not individual manual sign-off
https://boiseremodeling.co/blog/punch-list-guide,320 390 430 768 1024 1440 1920,200,0,0,False,34398776175,automated browser capture; not individual manual sign-off
https://boiseremodeling.co/blog/quartz-vs-quartzite-countertops,320 390 430 768 1024 1440 1920,200,0,0,False,34398776175,automated browser capture; not individual manual sign-off
https://boiseremodeling.co/blog/quartz-vs-quartzite-kitchen,320 390 430 768 1024 1440 1920,200,0,0,False,34398776175,automated browser capture; not individual manual sign-off
https://boiseremodeling.co/blog/questions-to-ask-remodeling-contractor,320 390 430 768 1024 1440 1920,200,0,0,False,34398776175,automated browser capture; not individual manual sign-off
https://boiseremodeling.co/blog/remodel-cost-per-square-foot-boise,320 390 430 768 1024 1440 1920,200,0,0,False,34398776175,automated browser capture; not individual manual sign-off
https://boiseremodeling.co/blog/remodel-planning-guide,320 390 430 768 1024 1440 1920,200,0,0,False,34398776175,automated browser capture; not individual manual sign-off
https://boiseremodeling.co/blog/remodeling-before-selling,320 390 430 768 1024 1440 1920,200,0,0,False,34398776175,automated browser capture; not individual manual sign-off
https://boiseremodeling.co/blog/remodeling-contractor-red-flags,320 390 430 768 1024 1440 1920,200,0,0,False,34398776175,automated browser capture; not individual manual sign-off
https://boiseremodeling.co/blog/remodeling-long-term-living,320 390 430 768 1024 1440 1920,200,0,0,False,34398776175,automated browser capture; not individual manual sign-off
https://boiseremodeling.co/blog/remodeling-mistakes-to-avoid,320 390 430 768 1024 1440 1920,200,0,0,False,34398776175,automated browser capture; not individual manual sign-off
https://boiseremodeling.co/blog/remodeling-timeline-guide,320 390 430 768 1024 1440 1920,200,0,0,False,34398776175,automated browser capture; not individual manual sign-off
https://boiseremodeling.co/blog/remodeling-vs-moving,320 390 430 768 1024 1440 1920,200,0,0,False,34398776175,automated browser capture; not individual manual sign-off
https://boiseremodeling.co/blog/room-addition-guide-treasure-valley,320 390 430 768 1024 1440 1920,200,0,0,False,34398776175,automated browser capture; not individual manual sign-off
https://boiseremodeling.co/blog/second-story-additions,320 390 430 768 1024 1440 1920,200,0,0,False,34398776175,automated browser capture; not individual manual sign-off
https://boiseremodeling.co/blog/small-bathroom-remodel-ideas,320 390 430 768 1024 1440 1920,200,0,0,False,34398776175,automated browser capture; not individual manual sign-off
https://boiseremodeling.co/blog/small-kitchen-remodel-ideas-boise,320 390 430 768 1024 1440 1920,200,0,0,False,34398776175,automated browser capture; not individual manual sign-off
https://boiseremodeling.co/blog/walk-in-pantry-design-guide,320 390 430 768 1024 1440 1920,200,0,0,False,34398776175,automated browser capture; not individual manual sign-off
https://boiseremodeling.co/blog/walk-in-shower-guide,320 390 430 768 1024 1440 1920,200,0,0,False,34398776175,automated browser capture; not individual manual sign-off
https://boiseremodeling.co/blog/warranty-guide-remodeling,320 390 430 768 1024 1440 1920,200,0,0,False,34398776175,automated browser capture; not individual manual sign-off
https://boiseremodeling.co/blog/what-impacts-remodeling-costs-boise,320 390 430 768 1024 1440 1920,200,0,0,False,34398776175,automated browser capture; not individual manual sign-off
https://boiseremodeling.co/blog/what-makes-great-remodeling-contractor,320 390 430 768 1024 1440 1920,200,0,0,False,34398776175,automated browser capture; not individual manual sign-off
https://boiseremodeling.co/blog/whole-home-remodel-cost-boise,320 390 430 768 1024 1440 1920,200,0,0,False,34398776175,automated browser capture; not individual manual sign-off
https://boiseremodeling.co/blog/whole-home-remodel-planning-checklist,320 390 430 768 1024 1440 1920,200,0,0,False,34398776175,automated browser capture; not individual manual sign-off
https://boiseremodeling.co/blog/whole-home-remodel-timeline,320 390 430 768 1024 1440 1920,200,0,0,False,34398776175,automated browser capture; not individual manual sign-off
https://boiseremodeling.co/blog/why-remodeling-bids-vary,320 390 430 768 1024 1440 1920,200,0,0,False,34398776175,automated browser capture; not individual manual sign-off
https://boiseremodeling.co/contact,320 390 430 768 1024 1440 1920,200,0,0,False,34398776175,automated browser capture; not individual manual sign-off
https://boiseremodeling.co/estimate,320 390 430 768 1024 1440 1920,200,0,0,False,34398776175,automated browser capture; not individual manual sign-off
https://boiseremodeling.co/guides,320 390 430 768 1024 1440 1920,200,0,0,False,34398776175,automated browser capture; not individual manual sign-off
https://boiseremodeling.co/guides/best-remodeling-roi-boise,320 390 430 768 1024 1440 1920,200,0,0,False,34398776175,automated browser capture; not individual manual sign-off
https://boiseremodeling.co/guides/boise-adu-guide,320 390 430 768 1024 1440 1920,200,0,0,False,34398776175,automated browser capture; not individual manual sign-off
https://boiseremodeling.co/guides/boise-bathroom-remodeling-guide,320 390 430 768 1024 1440 1920,200,0,0,False,34398776175,automated browser capture; not individual manual sign-off
https://boiseremodeling.co/guides/boise-bench-remodeling-guide,320 390 430 768 1024 1440 1920,200,0,0,False,34398776175,automated browser capture; not individual manual sign-off
https://boiseremodeling.co/guides/boise-home-addition-guide,320 390 430 768 1024 1440 1920,200,0,0,False,34398776175,automated browser capture; not individual manual sign-off
https://boiseremodeling.co/guides/boise-kitchen-remodeling-guide,320 390 430 768 1024 1440 1920,200,0,0,False,34398776175,automated browser capture; not individual manual sign-off
https://boiseremodeling.co/guides/boise-remodeling-cost-guide,320 390 430 768 1024 1440 1920,200,0,0,False,34398776175,automated browser capture; not individual manual sign-off
https://boiseremodeling.co/guides/boise-remodeling-guide,320 390 430 768 1024 1440 1920,200,0,0,False,34398776175,automated browser capture; not individual manual sign-off
https://boiseremodeling.co/guides/boise-remodeling-process-guide,320 390 430 768 1024 1440 1920,200,0,0,False,34398776175,automated browser capture; not individual manual sign-off
https://boiseremodeling.co/guides/caldwell-remodeling-guide,320 390 430 768 1024 1440 1920,200,0,0,False,34398776175,automated browser capture; not individual manual sign-off
https://boiseremodeling.co/guides/choose-remodeling-contractor-boise,320 390 430 768 1024 1440 1920,200,0,0,False,34398776175,automated browser capture; not individual manual sign-off
https://boiseremodeling.co/guides/eagle-foothills-remodeling-guide,320 390 430 768 1024 1440 1920,200,0,0,False,34398776175,automated browser capture; not individual manual sign-off
https://boiseremodeling.co/guides/eagle-remodeling-guide,320 390 430 768 1024 1440 1920,200,0,0,False,34398776175,automated browser capture; not individual manual sign-off
https://boiseremodeling.co/guides/east-boise-remodeling-guide,320 390 430 768 1024 1440 1920,200,0,0,False,34398776175,automated browser capture; not individual manual sign-off
https://boiseremodeling.co/guides/harris-ranch-remodeling-guide,320 390 430 768 1024 1440 1920,200,0,0,False,34398776175,automated browser capture; not individual manual sign-off
https://boiseremodeling.co/guides/hidden-springs-remodeling-guide,320 390 430 768 1024 1440 1920,200,0,0,False,34398776175,automated browser capture; not individual manual sign-off
https://boiseremodeling.co/guides/kuna-remodeling-guide,320 390 430 768 1024 1440 1920,200,0,0,False,34398776175,automated browser capture; not individual manual sign-off
https://boiseremodeling.co/guides/meridian-remodeling-guide,320 390 430 768 1024 1440 1920,200,0,0,False,34398776175,automated browser capture; not individual manual sign-off
https://boiseremodeling.co/guides/middleton-remodeling-guide,320 390 430 768 1024 1440 1920,200,0,0,False,34398776175,automated browser capture; not individual manual sign-off
https://boiseremodeling.co/guides/nampa-remodeling-guide,320 390 430 768 1024 1440 1920,200,0,0,False,34398776175,automated browser capture; not individual manual sign-off
https://boiseremodeling.co/guides/north-end-remodeling-guide,320 390 430 768 1024 1440 1920,200,0,0,False,34398776175,automated browser capture; not individual manual sign-off
https://boiseremodeling.co/guides/outdoor-living-remodeling-guide,320 390 430 768 1024 1440 1920,200,0,0,False,34398776175,automated browser capture; not individual manual sign-off
https://boiseremodeling.co/guides/star-remodeling-guide,320 390 430 768 1024 1440 1920,200,0,0,False,34398776175,automated browser capture; not individual manual sign-off
https://boiseremodeling.co/guides/treasure-valley-remodeling-guide,320 390 430 768 1024 1440 1920,200,0,0,False,34398776175,automated browser capture; not individual manual sign-off
https://boiseremodeling.co/guides/whole-home-remodeling-guide,320 390 430 768 1024 1440 1920,200,0,0,False,34398776175,automated browser capture; not individual manual sign-off
https://boiseremodeling.co/privacy-policy,320 390 430 768 1024 1440 1920,200,0,0,False,34398776175,automated browser capture; not individual manual sign-off
https://boiseremodeling.co/re-10-repairs-boise,320 390 430 768 1024 1440 1920,200,0,0,False,34398776175,automated browser capture; not individual manual sign-off
https://boiseremodeling.co/remodel-plans-boise,320 390 430 768 1024 1440 1920,200,0,0,False,34398776175,automated browser capture; not individual manual sign-off
https://boiseremodeling.co/resources,320 390 430 768 1024 1440 1920,200,0,0,False,34398776175,automated browser capture; not individual manual sign-off
https://boiseremodeling.co/resources/ada-canyon-permit-flow,320 390 430 768 1024 1440 1920,200,0,0,False,34398776175,automated browser capture; not individual manual sign-off
https://boiseremodeling.co/services,320 390 430 768 1024 1440 1920,200,0,0,False,34398776175,automated browser capture; not individual manual sign-off
https://boiseremodeling.co/services/adu,320 390 430 768 1024 1440 1920,200,0,0,False,34398776175,automated browser capture; not individual manual sign-off
https://boiseremodeling.co/services/adu/boise,320 390 430 768 1024 1440 1920,200,0,0,False,34398776175,automated browser capture; not individual manual sign-off
https://boiseremodeling.co/services/adu/caldwell,320 390 430 768 1024 1440 1920,200,0,0,False,34401259790,automated browser capture; not individual manual sign-off
https://boiseremodeling.co/services/adu/eagle,320 390 430 768 1024 1440 1920,200,0,0,False,34398776175,automated browser capture; not individual manual sign-off
https://boiseremodeling.co/services/adu/kuna,320 390 430 768 1024 1440 1920,200,0,0,False,34401259790,automated browser capture; not individual manual sign-off
https://boiseremodeling.co/services/adu/meridian,320 390 430 768 1024 1440 1920,200,0,0,False,34398776175,automated browser capture; not individual manual sign-off
https://boiseremodeling.co/services/adu/middleton,320 390 430 768 1024 1440 1920,200,0,0,False,34401259790,automated browser capture; not individual manual sign-off
https://boiseremodeling.co/services/adu/nampa,320 390 430 768 1024 1440 1920,200,0,0,False,34398776175,automated browser capture; not individual manual sign-off
https://boiseremodeling.co/services/adu/star,320 390 430 768 1024 1440 1920,200,0,0,False,34401259790,automated browser capture; not individual manual sign-off
https://boiseremodeling.co/services/aging-in-place,320 390 430 768 1024 1440 1920,200,0,0,False,34398776175,automated browser capture; not individual manual sign-off
https://boiseremodeling.co/services/aging-in-place/boise,320 390 430 768 1024 1440 1920,200,0,0,False,34398776175,automated browser capture; not individual manual sign-off
https://boiseremodeling.co/services/aging-in-place/caldwell,320 390 430 768 1024 1440 1920,200,0,0,False,34398776175,automated browser capture; not individual manual sign-off
https://boiseremodeling.co/services/aging-in-place/eagle,320 390 430 768 1024 1440 1920,200,0,0,False,34398776175,automated browser capture; not individual manual sign-off
https://boiseremodeling.co/services/aging-in-place/kuna,320 390 430 768 1024 1440 1920,200,0,0,False,34398776175,automated browser capture; not individual manual sign-off
https://boiseremodeling.co/services/aging-in-place/meridian,320 390 430 768 1024 1440 1920,200,0,0,False,34398776175,automated browser capture; not individual manual sign-off
https://boiseremodeling.co/services/aging-in-place/middleton,320 390 430 768 1024 1440 1920,200,0,0,False,34398776175,automated browser capture; not individual manual sign-off
https://boiseremodeling.co/services/aging-in-place/nampa,320 390 430 768 1024 1440 1920,200,0,0,False,34398776175,automated browser capture; not individual manual sign-off
https://boiseremodeling.co/services/aging-in-place/star,320 390 430 768 1024 1440 1920,200,0,0,False,34398776175,automated browser capture; not individual manual sign-off
https://boiseremodeling.co/services/basement-remodel,320 390 430 768 1024 1440 1920,200,0,0,False,34398776175,automated browser capture; not individual manual sign-off
https://boiseremodeling.co/services/basement-remodel/boise,320 390 430 768 1024 1440 1920,200,0,0,False,34398776175,automated browser capture; not individual manual sign-off
https://boiseremodeling.co/services/basement-remodel/caldwell,320 390 430 768 1024 1440 1920,200,0,0,False,34398776175,automated browser capture; not individual manual sign-off
https://boiseremodeling.co/services/basement-remodel/eagle,320 390 430 768 1024 1440 1920,200,0,0,False,34398776175,automated browser capture; not individual manual sign-off
https://boiseremodeling.co/services/basement-remodel/kuna,320 390 430 768 1024 1440 1920,200,0,0,False,34398776175,automated browser capture; not individual manual sign-off
https://boiseremodeling.co/services/basement-remodel/meridian,320 390 430 768 1024 1440 1920,200,0,0,False,34398776175,automated browser capture; not individual manual sign-off
https://boiseremodeling.co/services/basement-remodel/middleton,320 390 430 768 1024 1440 1920,200,0,0,False,34398776175,automated browser capture; not individual manual sign-off
https://boiseremodeling.co/services/basement-remodel/nampa,320 390 430 768 1024 1440 1920,200,0,0,False,34398776175,automated browser capture; not individual manual sign-off
https://boiseremodeling.co/services/basement-remodel/star,320 390 430 768 1024 1440 1920,200,0,0,False,34398776175,automated browser capture; not individual manual sign-off
https://boiseremodeling.co/services/bathroom-remodel,320 390 430 768 1024 1440 1920,200,0,0,False,34398776175,automated browser capture; not individual manual sign-off
https://boiseremodeling.co/services/bathroom-remodel/boise,320 390 430 768 1024 1440 1920,200,0,0,False,34398776175,automated browser capture; not individual manual sign-off
https://boiseremodeling.co/services/bathroom-remodel/caldwell,320 390 430 768 1024 1440 1920,200,0,0,False,34398776175,automated browser capture; not individual manual sign-off
https://boiseremodeling.co/services/bathroom-remodel/eagle,320 390 430 768 1024 1440 1920,200,0,0,False,34398776175,automated browser capture; not individual manual sign-off
https://boiseremodeling.co/services/bathroom-remodel/kuna,320 390 430 768 1024 1440 1920,200,0,0,False,34398776175,automated browser capture; not individual manual sign-off
https://boiseremodeling.co/services/bathroom-remodel/meridian,320 390 430 768 1024 1440 1920,200,0,0,False,34398776175,automated browser capture; not individual manual sign-off
https://boiseremodeling.co/services/bathroom-remodel/middleton,320 390 430 768 1024 1440 1920,200,0,0,False,34398776175,automated browser capture; not individual manual sign-off
https://boiseremodeling.co/services/bathroom-remodel/nampa,320 390 430 768 1024 1440 1920,200,0,0,False,34398776175,automated browser capture; not individual manual sign-off
https://boiseremodeling.co/services/bathroom-remodel/star,320 390 430 768 1024 1440 1920,200,0,0,False,34398776175,automated browser capture; not individual manual sign-off
https://boiseremodeling.co/services/kitchen-remodel,320 390 430 768 1024 1440 1920,200,0,0,False,34398776175,automated browser capture; not individual manual sign-off
https://boiseremodeling.co/services/kitchen-remodel/boise,320 390 430 768 1024 1440 1920,200,0,0,False,34398776175,automated browser capture; not individual manual sign-off
https://boiseremodeling.co/services/kitchen-remodel/caldwell,320 390 430 768 1024 1440 1920,200,0,0,False,34398776175,automated browser capture; not individual manual sign-off
https://boiseremodeling.co/services/kitchen-remodel/eagle,320 390 430 768 1024 1440 1920,200,0,0,False,34398776175,automated browser capture; not individual manual sign-off
https://boiseremodeling.co/services/kitchen-remodel/kuna,320 390 430 768 1024 1440 1920,200,0,0,False,34398776175,automated browser capture; not individual manual sign-off
https://boiseremodeling.co/services/kitchen-remodel/meridian,320 390 430 768 1024 1440 1920,200,0,0,False,34398776175,automated browser capture; not individual manual sign-off
https://boiseremodeling.co/services/kitchen-remodel/middleton,320 390 430 768 1024 1440 1920,200,0,0,False,34398776175,automated browser capture; not individual manual sign-off
https://boiseremodeling.co/services/kitchen-remodel/nampa,320 390 430 768 1024 1440 1920,200,0,0,False,34398776175,automated browser capture; not individual manual sign-off
https://boiseremodeling.co/services/kitchen-remodel/star,320 390 430 768 1024 1440 1920,200,0,0,False,34398776175,automated browser capture; not individual manual sign-off
https://boiseremodeling.co/services/outdoor-living,320 390 430 768 1024 1440 1920,200,0,0,False,34398776175,automated browser capture; not individual manual sign-off
https://boiseremodeling.co/services/outdoor-living/boise,320 390 430 768 1024 1440 1920,200,0,0,False,34398776175,automated browser capture; not individual manual sign-off
https://boiseremodeling.co/services/outdoor-living/caldwell,320 390 430 768 1024 1440 1920,200,0,0,False,34398776175,automated browser capture; not individual manual sign-off
https://boiseremodeling.co/services/outdoor-living/eagle,320 390 430 768 1024 1440 1920,200,0,0,False,34398776175,automated browser capture; not individual manual sign-off
https://boiseremodeling.co/services/outdoor-living/kuna,320 390 430 768 1024 1440 1920,200,0,0,False,34398776175,automated browser capture; not individual manual sign-off
https://boiseremodeling.co/services/outdoor-living/meridian,320 390 430 768 1024 1440 1920,200,0,0,False,34398776175,automated browser capture; not individual manual sign-off
https://boiseremodeling.co/services/outdoor-living/middleton,320 390 430 768 1024 1440 1920,200,0,0,False,34398776175,automated browser capture; not individual manual sign-off
https://boiseremodeling.co/services/outdoor-living/nampa,320 390 430 768 1024 1440 1920,200,0,0,False,34398776175,automated browser capture; not individual manual sign-off
https://boiseremodeling.co/services/outdoor-living/star,320 390 430 768 1024 1440 1920,200,0,0,False,34398776175,automated browser capture; not individual manual sign-off
https://boiseremodeling.co/services/room-addition,320 390 430 768 1024 1440 1920,200,0,0,False,34398776175,automated browser capture; not individual manual sign-off
https://boiseremodeling.co/services/room-addition/boise,320 390 430 768 1024 1440 1920,200,0,0,False,34398776175,automated browser capture; not individual manual sign-off
https://boiseremodeling.co/services/room-addition/caldwell,320 390 430 768 1024 1440 1920,200,0,0,False,34398776175,automated browser capture; not individual manual sign-off
https://boiseremodeling.co/services/room-addition/eagle,320 390 430 768 1024 1440 1920,200,0,0,False,34398776175,automated browser capture; not individual manual sign-off
https://boiseremodeling.co/services/room-addition/kuna,320 390 430 768 1024 1440 1920,200,0,0,False,34398776175,automated browser capture; not individual manual sign-off
https://boiseremodeling.co/services/room-addition/meridian,320 390 430 768 1024 1440 1920,200,0,0,False,34398776175,automated browser capture; not individual manual sign-off
https://boiseremodeling.co/services/room-addition/middleton,320 390 430 768 1024 1440 1920,200,0,0,False,34398776175,automated browser capture; not individual manual sign-off
https://boiseremodeling.co/services/room-addition/nampa,320 390 430 768 1024 1440 1920,200,0,0,False,34398776175,automated browser capture; not individual manual sign-off
https://boiseremodeling.co/services/room-addition/star,320 390 430 768 1024 1440 1920,200,0,0,False,34398776175,automated browser capture; not individual manual sign-off
https://boiseremodeling.co/services/whole-home-remodel,320 390 430 768 1024 1440 1920,200,0,0,False,34398776175,automated browser capture; not individual manual sign-off
https://boiseremodeling.co/services/whole-home-remodel/boise,320 390 430 768 1024 1440 1920,200,0,0,False,34398776175,automated browser capture; not individual manual sign-off
https://boiseremodeling.co/services/whole-home-remodel/caldwell,320 390 430 768 1024 1440 1920,200,0,0,False,34398776175,automated browser capture; not individual manual sign-off
https://boiseremodeling.co/services/whole-home-remodel/eagle,320 390 430 768 1024 1440 1920,200,0,0,False,34398776175,automated browser capture; not individual manual sign-off
https://boiseremodeling.co/services/whole-home-remodel/kuna,320 390 430 768 1024 1440 1920,200,0,0,False,34398776175,automated browser capture; not individual manual sign-off
https://boiseremodeling.co/services/whole-home-remodel/meridian,320 390 430 768 1024 1440 1920,200,0,0,False,34398776175,automated browser capture; not individual manual sign-off
https://boiseremodeling.co/services/whole-home-remodel/middleton,320 390 430 768 1024 1440 1920,200,0,0,False,34398776175,automated browser capture; not individual manual sign-off
https://boiseremodeling.co/services/whole-home-remodel/nampa,320 390 430 768 1024 1440 1920,200,0,0,False,34398776175,automated browser capture; not individual manual sign-off
https://boiseremodeling.co/services/whole-home-remodel/star,320 390 430 768 1024 1440 1920,200,0,0,False,34398776175,automated browser capture; not individual manual sign-off
https://boiseremodeling.co/sitemap,320 390 430 768 1024 1440 1920,200,0,0,False,34398776175,automated browser capture; not individual manual sign-off
https://boiseremodeling.co/terms-of-service,320 390 430 768 1024 1440 1920,200,0,0,False,34398776175,automated browser capture; not individual manual sign-off
https://boiseremodeling.co/testimonials,320 390 430 768 1024 1440 1920,200,0,0,False,34398776175,automated browser capture; not individual manual sign-off
https://p5homeco.com,320 390 430 768 1024 1440 1920,200,0,0,False,34397616162,automated browser capture; not individual manual sign-off
https://p5homeco.com/legal/privacy,320 390 430 768 1024 1440 1920,200,0,0,False,34397616162,automated browser capture; not individual manual sign-off
https://p5homeco.com/legal/quickbooks-disconnect,320 390 430 768 1024 1440 1920,200,0,0,False,34397616162,automated browser capture; not individual manual sign-off
https://p5homeco.com/legal/terms,320 390 430 768 1024 1440 1920,200,0,0,False,34397616162,automated browser capture; not individual manual sign-off
https://p5homeco.com/quote,320 390 430 768 1024 1440 1920,200,0,0,False,34397616162,automated browser capture; not individual manual sign-off
https://p5homeco.com/quote/adu,320 390 430 768 1024 1440 1920,200,0,0,False,34397616162,automated browser capture; not individual manual sign-off
https://p5homeco.com/quote/bathroom-remodel,320 390 430 768 1024 1440 1920,200,0,0,False,34397616162,automated browser capture; not individual manual sign-off
https://p5homeco.com/quote/custom-cabinets,320 390 430 768 1024 1440 1920,200,0,0,False,34397616162,automated browser capture; not individual manual sign-off
https://p5homeco.com/quote/custom-home,320 390 430 768 1024 1440 1920,200,0,0,False,34397616162,automated browser capture; not individual manual sign-off
https://p5homeco.com/quote/handyman,320 390 430 768 1024 1440 1920,200,0,0,False,34397616162,automated browser capture; not individual manual sign-off
https://p5homeco.com/quote/home-addition,320 390 430 768 1024 1440 1920,200,0,0,False,34397616162,automated browser capture; not individual manual sign-off
https://p5homeco.com/quote/kitchen-remodel,320 390 430 768 1024 1440 1920,200,0,0,False,34397616162,automated browser capture; not individual manual sign-off
https://p5homeco.com/sitemap,320 390 430 768 1024 1440 1920,200,0,0,False,34397616162,automated browser capture; not individual manual sign-off
