route,viewport_width,passed,visible_images,overflow_px,page_exceptions,console_errors,source_commit,workflow_run
/,320,True,9,0,0,0,cd2d80098182be9fa7a2c49fc0aa347e931a8914,34520563359
/,390,True,9,0,0,0,cd2d80098182be9fa7a2c49fc0aa347e931a8914,34520563359
/,430,True,9,0,0,0,cd2d80098182be9fa7a2c49fc0aa347e931a8914,34520563359
/,600,True,9,0,0,0,cd2d80098182be9fa7a2c49fc0aa347e931a8914,34520563359
/,768,True,9,0,0,0,cd2d80098182be9fa7a2c49fc0aa347e931a8914,34520563359
/,1024,True,10,0,0,0,cd2d80098182be9fa7a2c49fc0aa347e931a8914,34520563359
/,1366,True,10,0,0,0,cd2d80098182be9fa7a2c49fc0aa347e931a8914,34520563359
/,1440,True,10,0,0,0,cd2d80098182be9fa7a2c49fc0aa347e931a8914,34520563359
/,1920,True,10,0,0,0,cd2d80098182be9fa7a2c49fc0aa347e931a8914,34520563359
/about,320,True,15,0,0,0,cd2d80098182be9fa7a2c49fc0aa347e931a8914,34520563359
/about,390,True,15,0,0,0,cd2d80098182be9fa7a2c49fc0aa347e931a8914,34520563359
/about,430,True,15,0,0,0,cd2d80098182be9fa7a2c49fc0aa347e931a8914,34520563359
/about,600,True,15,0,0,0,cd2d80098182be9fa7a2c49fc0aa347e931a8914,34520563359
/about,768,True,15,0,0,0,cd2d80098182be9fa7a2c49fc0aa347e931a8914,34520563359
/about,1024,True,16,0,0,0,cd2d80098182be9fa7a2c49fc0aa347e931a8914,34520563359
/about,1366,True,16,0,0,0,cd2d80098182be9fa7a2c49fc0aa347e931a8914,34520563359
/about,1440,True,16,0,0,0,cd2d80098182be9fa7a2c49fc0aa347e931a8914,34520563359
/about,1920,True,16,0,0,0,cd2d80098182be9fa7a2c49fc0aa347e931a8914,34520563359
/areas,320,True,12,0,0,0,cd2d80098182be9fa7a2c49fc0aa347e931a8914,34520563359
/areas,390,True,12,0,0,0,cd2d80098182be9fa7a2c49fc0aa347e931a8914,34520563359
/areas,430,True,12,0,0,0,cd2d80098182be9fa7a2c49fc0aa347e931a8914,34520563359
/areas,600,True,12,0,0,0,cd2d80098182be9fa7a2c49fc0aa347e931a8914,34520563359
/areas,768,True,12,0,0,0,cd2d80098182be9fa7a2c49fc0aa347e931a8914,34520563359
/areas,1024,True,12,0,0,0,cd2d80098182be9fa7a2c49fc0aa347e931a8914,34520563359
/areas,1366,True,12,0,0,0,cd2d80098182be9fa7a2c49fc0aa347e931a8914,34520563359
/areas,1440,True,12,0,0,0,cd2d80098182be9fa7a2c49fc0aa347e931a8914,34520563359
/areas,1920,True,12,0,0,0,cd2d80098182be9fa7a2c49fc0aa347e931a8914,34520563359
/areas/boise,320,True,4,0,0,0,cd2d80098182be9fa7a2c49fc0aa347e931a8914,34520563359
/areas/boise,390,True,4,0,0,0,cd2d80098182be9fa7a2c49fc0aa347e931a8914,34520563359
/areas/boise,430,True,4,0,0,0,cd2d80098182be9fa7a2c49fc0aa347e931a8914,34520563359
/areas/boise,600,True,4,0,0,0,cd2d80098182be9fa7a2c49fc0aa347e931a8914,34520563359
/areas/boise,768,True,4,0,0,0,cd2d80098182be9fa7a2c49fc0aa347e931a8914,34520563359
/areas/boise,1024,True,4,0,0,0,cd2d80098182be9fa7a2c49fc0aa347e931a8914,34520563359
/areas/boise,1366,True,4,0,0,0,cd2d80098182be9fa7a2c49fc0aa347e931a8914,34520563359
/areas/boise,1440,True,4,0,0,0,cd2d80098182be9fa7a2c49fc0aa347e931a8914,34520563359
/areas/boise,1920,True,4,0,0,0,cd2d80098182be9fa7a2c49fc0aa347e931a8914,34520563359
/areas/caldwell,320,True,4,0,0,0,cd2d80098182be9fa7a2c49fc0aa347e931a8914,34520563359
/areas/caldwell,390,True,4,0,0,0,cd2d80098182be9fa7a2c49fc0aa347e931a8914,34520563359
/areas/caldwell,430,True,4,0,0,0,cd2d80098182be9fa7a2c49fc0aa347e931a8914,34520563359
/areas/caldwell,600,True,4,0,0,0,cd2d80098182be9fa7a2c49fc0aa347e931a8914,34520563359
/areas/caldwell,768,True,4,0,0,0,cd2d80098182be9fa7a2c49fc0aa347e931a8914,34520563359
/areas/caldwell,1024,True,4,0,0,0,cd2d80098182be9fa7a2c49fc0aa347e931a8914,34520563359
/areas/caldwell,1366,True,4,0,0,0,cd2d80098182be9fa7a2c49fc0aa347e931a8914,34520563359
/areas/caldwell,1440,True,4,0,0,0,cd2d80098182be9fa7a2c49fc0aa347e931a8914,34520563359
/areas/caldwell,1920,True,4,0,0,0,cd2d80098182be9fa7a2c49fc0aa347e931a8914,34520563359
/areas/eagle,320,True,4,0,0,0,cd2d80098182be9fa7a2c49fc0aa347e931a8914,34520563359
/areas/eagle,390,True,4,0,0,0,cd2d80098182be9fa7a2c49fc0aa347e931a8914,34520563359
/areas/eagle,430,True,4,0,0,0,cd2d80098182be9fa7a2c49fc0aa347e931a8914,34520563359
/areas/eagle,600,True,4,0,0,0,cd2d80098182be9fa7a2c49fc0aa347e931a8914,34520563359
/areas/eagle,768,True,4,0,0,0,cd2d80098182be9fa7a2c49fc0aa347e931a8914,34520563359
/areas/eagle,1024,True,4,0,0,0,cd2d80098182be9fa7a2c49fc0aa347e931a8914,34520563359
/areas/eagle,1366,True,4,0,0,0,cd2d80098182be9fa7a2c49fc0aa347e931a8914,34520563359
/areas/eagle,1440,True,4,0,0,0,cd2d80098182be9fa7a2c49fc0aa347e931a8914,34520563359
/areas/eagle,1920,True,4,0,0,0,cd2d80098182be9fa7a2c49fc0aa347e931a8914,34520563359
/areas/garden-city,320,True,4,0,0,0,cd2d80098182be9fa7a2c49fc0aa347e931a8914,34520563359
/areas/garden-city,390,True,4,0,0,0,cd2d80098182be9fa7a2c49fc0aa347e931a8914,34520563359
/areas/garden-city,430,True,4,0,0,0,cd2d80098182be9fa7a2c49fc0aa347e931a8914,34520563359
/areas/garden-city,600,True,4,0,0,0,cd2d80098182be9fa7a2c49fc0aa347e931a8914,34520563359
/areas/garden-city,768,True,4,0,0,0,cd2d80098182be9fa7a2c49fc0aa347e931a8914,34520563359
/areas/garden-city,1024,True,4,0,0,0,cd2d80098182be9fa7a2c49fc0aa347e931a8914,34520563359
/areas/garden-city,1366,True,4,0,0,0,cd2d80098182be9fa7a2c49fc0aa347e931a8914,34520563359
/areas/garden-city,1440,True,4,0,0,0,cd2d80098182be9fa7a2c49fc0aa347e931a8914,34520563359
/areas/garden-city,1920,True,4,0,0,0,cd2d80098182be9fa7a2c49fc0aa347e931a8914,34520563359
/areas/kuna,320,True,4,0,0,0,cd2d80098182be9fa7a2c49fc0aa347e931a8914,34520563359
/areas/kuna,390,True,4,0,0,0,cd2d80098182be9fa7a2c49fc0aa347e931a8914,34520563359
/areas/kuna,430,True,4,0,0,0,cd2d80098182be9fa7a2c49fc0aa347e931a8914,34520563359
/areas/kuna,600,True,4,0,0,0,cd2d80098182be9fa7a2c49fc0aa347e931a8914,34520563359
/areas/kuna,768,True,4,0,0,0,cd2d80098182be9fa7a2c49fc0aa347e931a8914,34520563359
/areas/kuna,1024,True,4,0,0,0,cd2d80098182be9fa7a2c49fc0aa347e931a8914,34520563359
/areas/kuna,1366,True,4,0,0,0,cd2d80098182be9fa7a2c49fc0aa347e931a8914,34520563359
/areas/kuna,1440,True,4,0,0,0,cd2d80098182be9fa7a2c49fc0aa347e931a8914,34520563359
/areas/kuna,1920,True,4,0,0,0,cd2d80098182be9fa7a2c49fc0aa347e931a8914,34520563359
/areas/meridian,320,True,4,0,0,0,cd2d80098182be9fa7a2c49fc0aa347e931a8914,34520563359
/areas/meridian,390,True,4,0,0,0,cd2d80098182be9fa7a2c49fc0aa347e931a8914,34520563359
/areas/meridian,430,True,4,0,0,0,cd2d80098182be9fa7a2c49fc0aa347e931a8914,34520563359
/areas/meridian,600,True,4,0,0,0,cd2d80098182be9fa7a2c49fc0aa347e931a8914,34520563359
/areas/meridian,768,True,4,0,0,0,cd2d80098182be9fa7a2c49fc0aa347e931a8914,34520563359
/areas/meridian,1024,True,4,0,0,0,cd2d80098182be9fa7a2c49fc0aa347e931a8914,34520563359
/areas/meridian,1366,True,4,0,0,0,cd2d80098182be9fa7a2c49fc0aa347e931a8914,34520563359
/areas/meridian,1440,True,4,0,0,0,cd2d80098182be9fa7a2c49fc0aa347e931a8914,34520563359
/areas/meridian,1920,True,4,0,0,0,cd2d80098182be9fa7a2c49fc0aa347e931a8914,34520563359
/areas/middleton,320,True,4,0,0,0,cd2d80098182be9fa7a2c49fc0aa347e931a8914,34520563359
/areas/middleton,390,True,4,0,0,0,cd2d80098182be9fa7a2c49fc0aa347e931a8914,34520563359
/areas/middleton,430,True,4,0,0,0,cd2d80098182be9fa7a2c49fc0aa347e931a8914,34520563359
/areas/middleton,600,True,4,0,0,0,cd2d80098182be9fa7a2c49fc0aa347e931a8914,34520563359
/areas/middleton,768,True,4,0,0,0,cd2d80098182be9fa7a2c49fc0aa347e931a8914,34520563359
/areas/middleton,1024,True,4,0,0,0,cd2d80098182be9fa7a2c49fc0aa347e931a8914,34520563359
/areas/middleton,1366,True,4,0,0,0,cd2d80098182be9fa7a2c49fc0aa347e931a8914,34520563359
/areas/middleton,1440,True,4,0,0,0,cd2d80098182be9fa7a2c49fc0aa347e931a8914,34520563359
/areas/middleton,1920,True,4,0,0,0,cd2d80098182be9fa7a2c49fc0aa347e931a8914,34520563359
/areas/nampa,320,True,4,0,0,0,cd2d80098182be9fa7a2c49fc0aa347e931a8914,34520563359
/areas/nampa,390,True,4,0,0,0,cd2d80098182be9fa7a2c49fc0aa347e931a8914,34520563359
/areas/nampa,430,True,4,0,0,0,cd2d80098182be9fa7a2c49fc0aa347e931a8914,34520563359
/areas/nampa,600,True,4,0,0,0,cd2d80098182be9fa7a2c49fc0aa347e931a8914,34520563359
/areas/nampa,768,True,4,0,0,0,cd2d80098182be9fa7a2c49fc0aa347e931a8914,34520563359
/areas/nampa,1024,True,4,0,0,0,cd2d80098182be9fa7a2c49fc0aa347e931a8914,34520563359
/areas/nampa,1366,True,4,0,0,0,cd2d80098182be9fa7a2c49fc0aa347e931a8914,34520563359
/areas/nampa,1440,True,4,0,0,0,cd2d80098182be9fa7a2c49fc0aa347e931a8914,34520563359
/areas/nampa,1920,True,4,0,0,0,cd2d80098182be9fa7a2c49fc0aa347e931a8914,34520563359
/areas/star,320,True,4,0,0,0,cd2d80098182be9fa7a2c49fc0aa347e931a8914,34520563359
/areas/star,390,True,4,0,0,0,cd2d80098182be9fa7a2c49fc0aa347e931a8914,34520563359
/areas/star,430,True,4,0,0,0,cd2d80098182be9fa7a2c49fc0aa347e931a8914,34520563359
/areas/star,600,True,4,0,0,0,cd2d80098182be9fa7a2c49fc0aa347e931a8914,34520563359
/areas/star,768,True,4,0,0,0,cd2d80098182be9fa7a2c49fc0aa347e931a8914,34520563359
/areas/star,1024,True,4,0,0,0,cd2d80098182be9fa7a2c49fc0aa347e931a8914,34520563359
/areas/star,1366,True,4,0,0,0,cd2d80098182be9fa7a2c49fc0aa347e931a8914,34520563359
/areas/star,1440,True,4,0,0,0,cd2d80098182be9fa7a2c49fc0aa347e931a8914,34520563359
/areas/star,1920,True,4,0,0,0,cd2d80098182be9fa7a2c49fc0aa347e931a8914,34520563359
/blog,320,True,37,0,0,0,cd2d80098182be9fa7a2c49fc0aa347e931a8914,34520563359
/blog,390,True,37,0,0,0,cd2d80098182be9fa7a2c49fc0aa347e931a8914,34520563359
/blog,430,True,37,0,0,0,cd2d80098182be9fa7a2c49fc0aa347e931a8914,34520563359
/blog,600,True,37,0,0,0,cd2d80098182be9fa7a2c49fc0aa347e931a8914,34520563359
/blog,768,True,37,0,0,0,cd2d80098182be9fa7a2c49fc0aa347e931a8914,34520563359
/blog,1024,True,37,0,0,0,cd2d80098182be9fa7a2c49fc0aa347e931a8914,34520563359
/blog,1366,True,37,0,0,0,cd2d80098182be9fa7a2c49fc0aa347e931a8914,34520563359
/blog,1440,True,37,0,0,0,cd2d80098182be9fa7a2c49fc0aa347e931a8914,34520563359
/blog,1920,True,37,0,0,0,cd2d80098182be9fa7a2c49fc0aa347e931a8914,34520563359
/blog/ada-vs-canyon-county-permit-timelines,320,True,4,0,0,0,cd2d80098182be9fa7a2c49fc0aa347e931a8914,34520563359
/blog/ada-vs-canyon-county-permit-timelines,390,True,4,0,0,0,cd2d80098182be9fa7a2c49fc0aa347e931a8914,34520563359
/blog/ada-vs-canyon-county-permit-timelines,430,True,4,0,0,0,cd2d80098182be9fa7a2c49fc0aa347e931a8914,34520563359
/blog/ada-vs-canyon-county-permit-timelines,600,True,4,0,0,0,cd2d80098182be9fa7a2c49fc0aa347e931a8914,34520563359
/blog/ada-vs-canyon-county-permit-timelines,768,True,4,0,0,0,cd2d80098182be9fa7a2c49fc0aa347e931a8914,34520563359
/blog/ada-vs-canyon-county-permit-timelines,1024,True,4,0,0,0,cd2d80098182be9fa7a2c49fc0aa347e931a8914,34520563359
/blog/ada-vs-canyon-county-permit-timelines,1366,True,4,0,0,0,cd2d80098182be9fa7a2c49fc0aa347e931a8914,34520563359
/blog/ada-vs-canyon-county-permit-timelines,1440,True,4,0,0,0,cd2d80098182be9fa7a2c49fc0aa347e931a8914,34520563359
/blog/ada-vs-canyon-county-permit-timelines,1920,True,4,0,0,0,cd2d80098182be9fa7a2c49fc0aa347e931a8914,34520563359
/blog/aging-in-place-home-design,320,True,4,0,0,0,cd2d80098182be9fa7a2c49fc0aa347e931a8914,34520563359
/blog/aging-in-place-home-design,390,True,4,0,0,0,cd2d80098182be9fa7a2c49fc0aa347e931a8914,34520563359
/blog/aging-in-place-home-design,430,True,4,0,0,0,cd2d80098182be9fa7a2c49fc0aa347e931a8914,34520563359
/blog/aging-in-place-home-design,600,True,4,0,0,0,cd2d80098182be9fa7a2c49fc0aa347e931a8914,34520563359
/blog/aging-in-place-home-design,768,True,4,0,0,0,cd2d80098182be9fa7a2c49fc0aa347e931a8914,34520563359
/blog/aging-in-place-home-design,1024,True,4,0,0,0,cd2d80098182be9fa7a2c49fc0aa347e931a8914,34520563359
/blog/aging-in-place-home-design,1366,True,4,0,0,0,cd2d80098182be9fa7a2c49fc0aa347e931a8914,34520563359
/blog/aging-in-place-home-design,1440,True,4,0,0,0,cd2d80098182be9fa7a2c49fc0aa347e931a8914,34520563359
/blog/aging-in-place-home-design,1920,True,4,0,0,0,cd2d80098182be9fa7a2c49fc0aa347e931a8914,34520563359
/blog/boise-building-permit-guide,320,True,4,0,0,0,cd2d80098182be9fa7a2c49fc0aa347e931a8914,34520563359
/blog/boise-building-permit-guide,390,True,4,0,0,0,cd2d80098182be9fa7a2c49fc0aa347e931a8914,34520563359
/blog/boise-building-permit-guide,430,True,4,0,0,0,cd2d80098182be9fa7a2c49fc0aa347e931a8914,34520563359
/blog/boise-building-permit-guide,600,True,4,0,0,0,cd2d80098182be9fa7a2c49fc0aa347e931a8914,34520563359
/blog/boise-building-permit-guide,768,True,4,0,0,0,cd2d80098182be9fa7a2c49fc0aa347e931a8914,34520563359
/blog/boise-building-permit-guide,1024,True,4,0,0,0,cd2d80098182be9fa7a2c49fc0aa347e931a8914,34520563359
/blog/boise-building-permit-guide,1366,True,4,0,0,0,cd2d80098182be9fa7a2c49fc0aa347e931a8914,34520563359
/blog/boise-building-permit-guide,1440,True,4,0,0,0,cd2d80098182be9fa7a2c49fc0aa347e931a8914,34520563359
/blog/boise-building-permit-guide,1920,True,4,0,0,0,cd2d80098182be9fa7a2c49fc0aa347e931a8914,34520563359
/blog/category/costs-and-hiring,320,True,19,0,0,0,cd2d80098182be9fa7a2c49fc0aa347e931a8914,34520563359
/blog/category/costs-and-hiring,390,True,19,0,0,0,cd2d80098182be9fa7a2c49fc0aa347e931a8914,34520563359
/blog/category/costs-and-hiring,430,True,19,0,0,0,cd2d80098182be9fa7a2c49fc0aa347e931a8914,34520563359
/blog/category/costs-and-hiring,600,True,19,0,0,0,cd2d80098182be9fa7a2c49fc0aa347e931a8914,34520563359
/blog/category/costs-and-hiring,768,True,19,0,0,0,cd2d80098182be9fa7a2c49fc0aa347e931a8914,34520563359
/blog/category/costs-and-hiring,1024,True,19,0,0,0,cd2d80098182be9fa7a2c49fc0aa347e931a8914,34520563359
/blog/category/costs-and-hiring,1366,True,19,0,0,0,cd2d80098182be9fa7a2c49fc0aa347e931a8914,34520563359
/blog/category/costs-and-hiring,1440,True,19,0,0,0,cd2d80098182be9fa7a2c49fc0aa347e931a8914,34520563359
/blog/category/costs-and-hiring,1920,True,19,0,0,0,cd2d80098182be9fa7a2c49fc0aa347e931a8914,34520563359
/blog/category/exterior-and-outdoor,320,True,5,0,0,0,cd2d80098182be9fa7a2c49fc0aa347e931a8914,34520563359
/blog/category/exterior-and-outdoor,390,True,5,0,0,0,cd2d80098182be9fa7a2c49fc0aa347e931a8914,34520563359
/blog/category/exterior-and-outdoor,430,True,5,0,0,0,cd2d80098182be9fa7a2c49fc0aa347e931a8914,34520563359
/blog/category/exterior-and-outdoor,600,True,5,0,0,0,cd2d80098182be9fa7a2c49fc0aa347e931a8914,34520563359
/blog/category/exterior-and-outdoor,768,True,5,0,0,0,cd2d80098182be9fa7a2c49fc0aa347e931a8914,34520563359
/blog/category/exterior-and-outdoor,1024,True,5,0,0,0,cd2d80098182be9fa7a2c49fc0aa347e931a8914,34520563359
/blog/category/exterior-and-outdoor,1366,True,5,0,0,0,cd2d80098182be9fa7a2c49fc0aa347e931a8914,34520563359
/blog/category/exterior-and-outdoor,1440,True,5,0,0,0,cd2d80098182be9fa7a2c49fc0aa347e931a8914,34520563359
/blog/category/exterior-and-outdoor,1920,True,5,0,0,0,cd2d80098182be9fa7a2c49fc0aa347e931a8914,34520563359
/blog/category/home-maintenance,320,True,9,0,0,0,cd2d80098182be9fa7a2c49fc0aa347e931a8914,34520563359
/blog/category/home-maintenance,390,True,9,0,0,0,cd2d80098182be9fa7a2c49fc0aa347e931a8914,34520563359
/blog/category/home-maintenance,430,True,9,0,0,0,cd2d80098182be9fa7a2c49fc0aa347e931a8914,34520563359
/blog/category/home-maintenance,600,True,9,0,0,0,cd2d80098182be9fa7a2c49fc0aa347e931a8914,34520563359
/blog/category/home-maintenance,768,True,9,0,0,0,cd2d80098182be9fa7a2c49fc0aa347e931a8914,34520563359
/blog/category/home-maintenance,1024,True,9,0,0,0,cd2d80098182be9fa7a2c49fc0aa347e931a8914,34520563359
/blog/category/home-maintenance,1366,True,9,0,0,0,cd2d80098182be9fa7a2c49fc0aa347e931a8914,34520563359
/blog/category/home-maintenance,1440,True,9,0,0,0,cd2d80098182be9fa7a2c49fc0aa347e931a8914,34520563359
/blog/category/home-maintenance,1920,True,9,0,0,0,cd2d80098182be9fa7a2c49fc0aa347e931a8914,34520563359
/blog/category/installs-and-upgrades,320,True,7,0,0,0,cd2d80098182be9fa7a2c49fc0aa347e931a8914,34520563359
/blog/category/installs-and-upgrades,390,True,7,0,0,0,cd2d80098182be9fa7a2c49fc0aa347e931a8914,34520563359
/blog/category/installs-and-upgrades,430,True,7,0,0,0,cd2d80098182be9fa7a2c49fc0aa347e931a8914,34520563359
/blog/category/installs-and-upgrades,600,True,7,0,0,0,cd2d80098182be9fa7a2c49fc0aa347e931a8914,34520563359
/blog/category/installs-and-upgrades,768,True,7,0,0,0,cd2d80098182be9fa7a2c49fc0aa347e931a8914,34520563359
/blog/category/installs-and-upgrades,1024,True,7,0,0,0,cd2d80098182be9fa7a2c49fc0aa347e931a8914,34520563359
/blog/category/installs-and-upgrades,1366,True,7,0,0,0,cd2d80098182be9fa7a2c49fc0aa347e931a8914,34520563359
/blog/category/installs-and-upgrades,1440,True,7,0,0,0,cd2d80098182be9fa7a2c49fc0aa347e931a8914,34520563359
/blog/category/installs-and-upgrades,1920,True,7,0,0,0,cd2d80098182be9fa7a2c49fc0aa347e931a8914,34520563359
/blog/category/repairs-and-fixes,320,True,9,0,0,0,cd2d80098182be9fa7a2c49fc0aa347e931a8914,34520563359
/blog/category/repairs-and-fixes,390,True,9,0,0,0,cd2d80098182be9fa7a2c49fc0aa347e931a8914,34520563359
/blog/category/repairs-and-fixes,430,True,9,0,0,0,cd2d80098182be9fa7a2c49fc0aa347e931a8914,34520563359
/blog/category/repairs-and-fixes,600,True,9,0,0,0,cd2d80098182be9fa7a2c49fc0aa347e931a8914,34520563359
/blog/category/repairs-and-fixes,768,True,9,0,0,0,cd2d80098182be9fa7a2c49fc0aa347e931a8914,34520563359
/blog/category/repairs-and-fixes,1024,True,9,0,0,0,cd2d80098182be9fa7a2c49fc0aa347e931a8914,34520563359
/blog/category/repairs-and-fixes,1366,True,9,0,0,0,cd2d80098182be9fa7a2c49fc0aa347e931a8914,34520563359
/blog/category/repairs-and-fixes,1440,True,9,0,0,0,cd2d80098182be9fa7a2c49fc0aa347e931a8914,34520563359
/blog/category/repairs-and-fixes,1920,True,9,0,0,0,cd2d80098182be9fa7a2c49fc0aa347e931a8914,34520563359
/blog/caulking-guide-boise-homes,320,True,3,0,0,0,cd2d80098182be9fa7a2c49fc0aa347e931a8914,34520563359
/blog/caulking-guide-boise-homes,390,True,3,0,0,0,cd2d80098182be9fa7a2c49fc0aa347e931a8914,34520563359
/blog/caulking-guide-boise-homes,430,True,3,0,0,0,cd2d80098182be9fa7a2c49fc0aa347e931a8914,34520563359
/blog/caulking-guide-boise-homes,600,True,3,0,0,0,cd2d80098182be9fa7a2c49fc0aa347e931a8914,34520563359
/blog/caulking-guide-boise-homes,768,True,3,0,0,0,cd2d80098182be9fa7a2c49fc0aa347e931a8914,34520563359
/blog/caulking-guide-boise-homes,1024,True,3,0,0,0,cd2d80098182be9fa7a2c49fc0aa347e931a8914,34520563359
/blog/caulking-guide-boise-homes,1366,True,3,0,0,0,cd2d80098182be9fa7a2c49fc0aa347e931a8914,34520563359
/blog/caulking-guide-boise-homes,1440,True,3,0,0,0,cd2d80098182be9fa7a2c49fc0aa347e931a8914,34520563359
/blog/caulking-guide-boise-homes,1920,True,3,0,0,0,cd2d80098182be9fa7a2c49fc0aa347e931a8914,34520563359
/blog/common-toilet-problems-and-fixes,320,True,4,0,0,0,cd2d80098182be9fa7a2c49fc0aa347e931a8914,34520563359
/blog/common-toilet-problems-and-fixes,390,True,4,0,0,0,cd2d80098182be9fa7a2c49fc0aa347e931a8914,34520563359
/blog/common-toilet-problems-and-fixes,430,True,4,0,0,0,cd2d80098182be9fa7a2c49fc0aa347e931a8914,34520563359
/blog/common-toilet-problems-and-fixes,600,True,4,0,0,0,cd2d80098182be9fa7a2c49fc0aa347e931a8914,34520563359
/blog/common-toilet-problems-and-fixes,768,True,4,0,0,0,cd2d80098182be9fa7a2c49fc0aa347e931a8914,34520563359
/blog/common-toilet-problems-and-fixes,1024,True,4,0,0,0,cd2d80098182be9fa7a2c49fc0aa347e931a8914,34520563359
/blog/common-toilet-problems-and-fixes,1366,True,4,0,0,0,cd2d80098182be9fa7a2c49fc0aa347e931a8914,34520563359
/blog/common-toilet-problems-and-fixes,1440,True,4,0,0,0,cd2d80098182be9fa7a2c49fc0aa347e931a8914,34520563359
/blog/common-toilet-problems-and-fixes,1920,True,4,0,0,0,cd2d80098182be9fa7a2c49fc0aa347e931a8914,34520563359
/blog/deck-maintenance-boise,320,True,4,0,0,0,cd2d80098182be9fa7a2c49fc0aa347e931a8914,34520563359
/blog/deck-maintenance-boise,390,True,4,0,0,0,cd2d80098182be9fa7a2c49fc0aa347e931a8914,34520563359
/blog/deck-maintenance-boise,430,True,4,0,0,0,cd2d80098182be9fa7a2c49fc0aa347e931a8914,34520563359
/blog/deck-maintenance-boise,600,True,4,0,0,0,cd2d80098182be9fa7a2c49fc0aa347e931a8914,34520563359
/blog/deck-maintenance-boise,768,True,4,0,0,0,cd2d80098182be9fa7a2c49fc0aa347e931a8914,34520563359
/blog/deck-maintenance-boise,1024,True,4,0,0,0,cd2d80098182be9fa7a2c49fc0aa347e931a8914,34520563359
/blog/deck-maintenance-boise,1366,True,4,0,0,0,cd2d80098182be9fa7a2c49fc0aa347e931a8914,34520563359
/blog/deck-maintenance-boise,1440,True,4,0,0,0,cd2d80098182be9fa7a2c49fc0aa347e931a8914,34520563359
/blog/deck-maintenance-boise,1920,True,4,0,0,0,cd2d80098182be9fa7a2c49fc0aa347e931a8914,34520563359
/blog/diy-vs-hiring-a-handyman,320,True,4,0,0,0,cd2d80098182be9fa7a2c49fc0aa347e931a8914,34520563359
/blog/diy-vs-hiring-a-handyman,390,True,4,0,0,0,cd2d80098182be9fa7a2c49fc0aa347e931a8914,34520563359
/blog/diy-vs-hiring-a-handyman,430,True,4,0,0,0,cd2d80098182be9fa7a2c49fc0aa347e931a8914,34520563359
/blog/diy-vs-hiring-a-handyman,600,True,4,0,0,0,cd2d80098182be9fa7a2c49fc0aa347e931a8914,34520563359
/blog/diy-vs-hiring-a-handyman,768,True,4,0,0,0,cd2d80098182be9fa7a2c49fc0aa347e931a8914,34520563359
/blog/diy-vs-hiring-a-handyman,1024,True,4,0,0,0,cd2d80098182be9fa7a2c49fc0aa347e931a8914,34520563359
/blog/diy-vs-hiring-a-handyman,1366,True,4,0,0,0,cd2d80098182be9fa7a2c49fc0aa347e931a8914,34520563359
/blog/diy-vs-hiring-a-handyman,1440,True,4,0,0,0,cd2d80098182be9fa7a2c49fc0aa347e931a8914,34520563359
/blog/diy-vs-hiring-a-handyman,1920,True,4,0,0,0,cd2d80098182be9fa7a2c49fc0aa347e931a8914,34520563359
/blog/drywall-repair-cost-boise,320,True,4,0,0,0,cd2d80098182be9fa7a2c49fc0aa347e931a8914,34520563359
/blog/drywall-repair-cost-boise,390,True,4,0,0,0,cd2d80098182be9fa7a2c49fc0aa347e931a8914,34520563359
/blog/drywall-repair-cost-boise,430,True,4,0,0,0,cd2d80098182be9fa7a2c49fc0aa347e931a8914,34520563359
/blog/drywall-repair-cost-boise,600,True,4,0,0,0,cd2d80098182be9fa7a2c49fc0aa347e931a8914,34520563359
/blog/drywall-repair-cost-boise,768,True,4,0,0,0,cd2d80098182be9fa7a2c49fc0aa347e931a8914,34520563359
/blog/drywall-repair-cost-boise,1024,True,4,0,0,0,cd2d80098182be9fa7a2c49fc0aa347e931a8914,34520563359
/blog/drywall-repair-cost-boise,1366,True,4,0,0,0,cd2d80098182be9fa7a2c49fc0aa347e931a8914,34520563359
/blog/drywall-repair-cost-boise,1440,True,4,0,0,0,cd2d80098182be9fa7a2c49fc0aa347e931a8914,34520563359
/blog/drywall-repair-cost-boise,1920,True,4,0,0,0,cd2d80098182be9fa7a2c49fc0aa347e931a8914,34520563359
/blog/energy-saving-home-fixes-boise,320,True,4,0,0,0,cd2d80098182be9fa7a2c49fc0aa347e931a8914,34520563359
/blog/energy-saving-home-fixes-boise,390,True,4,0,0,0,cd2d80098182be9fa7a2c49fc0aa347e931a8914,34520563359
/blog/energy-saving-home-fixes-boise,430,True,4,0,0,0,cd2d80098182be9fa7a2c49fc0aa347e931a8914,34520563359
/blog/energy-saving-home-fixes-boise,600,True,4,0,0,0,cd2d80098182be9fa7a2c49fc0aa347e931a8914,34520563359
/blog/energy-saving-home-fixes-boise,768,True,4,0,0,0,cd2d80098182be9fa7a2c49fc0aa347e931a8914,34520563359
/blog/energy-saving-home-fixes-boise,1024,True,4,0,0,0,cd2d80098182be9fa7a2c49fc0aa347e931a8914,34520563359
/blog/energy-saving-home-fixes-boise,1366,True,4,0,0,0,cd2d80098182be9fa7a2c49fc0aa347e931a8914,34520563359
/blog/energy-saving-home-fixes-boise,1440,True,4,0,0,0,cd2d80098182be9fa7a2c49fc0aa347e931a8914,34520563359
/blog/energy-saving-home-fixes-boise,1920,True,4,0,0,0,cd2d80098182be9fa7a2c49fc0aa347e931a8914,34520563359
/blog/fence-repair-treasure-valley,320,True,4,0,0,0,cd2d80098182be9fa7a2c49fc0aa347e931a8914,34520563359
/blog/fence-repair-treasure-valley,390,True,4,0,0,0,cd2d80098182be9fa7a2c49fc0aa347e931a8914,34520563359
/blog/fence-repair-treasure-valley,430,True,4,0,0,0,cd2d80098182be9fa7a2c49fc0aa347e931a8914,34520563359
/blog/fence-repair-treasure-valley,600,True,4,0,0,0,cd2d80098182be9fa7a2c49fc0aa347e931a8914,34520563359
/blog/fence-repair-treasure-valley,768,True,4,0,0,0,cd2d80098182be9fa7a2c49fc0aa347e931a8914,34520563359
/blog/fence-repair-treasure-valley,1024,True,4,0,0,0,cd2d80098182be9fa7a2c49fc0aa347e931a8914,34520563359
/blog/fence-repair-treasure-valley,1366,True,4,0,0,0,cd2d80098182be9fa7a2c49fc0aa347e931a8914,34520563359
/blog/fence-repair-treasure-valley,1440,True,4,0,0,0,cd2d80098182be9fa7a2c49fc0aa347e931a8914,34520563359
/blog/fence-repair-treasure-valley,1920,True,4,0,0,0,cd2d80098182be9fa7a2c49fc0aa347e931a8914,34520563359
/blog/fixing-squeaky-floors-and-sticking-doors,320,True,4,0,0,0,cd2d80098182be9fa7a2c49fc0aa347e931a8914,34520563359
/blog/fixing-squeaky-floors-and-sticking-doors,390,True,4,0,0,0,cd2d80098182be9fa7a2c49fc0aa347e931a8914,34520563359
/blog/fixing-squeaky-floors-and-sticking-doors,430,True,4,0,0,0,cd2d80098182be9fa7a2c49fc0aa347e931a8914,34520563359
/blog/fixing-squeaky-floors-and-sticking-doors,600,True,4,0,0,0,cd2d80098182be9fa7a2c49fc0aa347e931a8914,34520563359
/blog/fixing-squeaky-floors-and-sticking-doors,768,True,4,0,0,0,cd2d80098182be9fa7a2c49fc0aa347e931a8914,34520563359
/blog/fixing-squeaky-floors-and-sticking-doors,1024,True,4,0,0,0,cd2d80098182be9fa7a2c49fc0aa347e931a8914,34520563359
/blog/fixing-squeaky-floors-and-sticking-doors,1366,True,4,0,0,0,cd2d80098182be9fa7a2c49fc0aa347e931a8914,34520563359
/blog/fixing-squeaky-floors-and-sticking-doors,1440,True,4,0,0,0,cd2d80098182be9fa7a2c49fc0aa347e931a8914,34520563359
/blog/fixing-squeaky-floors-and-sticking-doors,1920,True,4,0,0,0,cd2d80098182be9fa7a2c49fc0aa347e931a8914,34520563359
/blog/gutter-cleaning-schedule-boise,320,True,4,0,0,0,cd2d80098182be9fa7a2c49fc0aa347e931a8914,34520563359
/blog/gutter-cleaning-schedule-boise,390,True,4,0,0,0,cd2d80098182be9fa7a2c49fc0aa347e931a8914,34520563359
/blog/gutter-cleaning-schedule-boise,430,True,4,0,0,0,cd2d80098182be9fa7a2c49fc0aa347e931a8914,34520563359
/blog/gutter-cleaning-schedule-boise,600,True,4,0,0,0,cd2d80098182be9fa7a2c49fc0aa347e931a8914,34520563359
/blog/gutter-cleaning-schedule-boise,768,True,4,0,0,0,cd2d80098182be9fa7a2c49fc0aa347e931a8914,34520563359
/blog/gutter-cleaning-schedule-boise,1024,True,4,0,0,0,cd2d80098182be9fa7a2c49fc0aa347e931a8914,34520563359
/blog/gutter-cleaning-schedule-boise,1366,True,4,0,0,0,cd2d80098182be9fa7a2c49fc0aa347e931a8914,34520563359
/blog/gutter-cleaning-schedule-boise,1440,True,4,0,0,0,cd2d80098182be9fa7a2c49fc0aa347e931a8914,34520563359
/blog/gutter-cleaning-schedule-boise,1920,True,4,0,0,0,cd2d80098182be9fa7a2c49fc0aa347e931a8914,34520563359
/blog/handyman-prices-boise,320,True,3,0,0,0,cd2d80098182be9fa7a2c49fc0aa347e931a8914,34520563359
/blog/handyman-prices-boise,390,True,3,0,0,0,cd2d80098182be9fa7a2c49fc0aa347e931a8914,34520563359
/blog/handyman-prices-boise,430,True,3,0,0,0,cd2d80098182be9fa7a2c49fc0aa347e931a8914,34520563359
/blog/handyman-prices-boise,600,True,3,0,0,0,cd2d80098182be9fa7a2c49fc0aa347e931a8914,34520563359
/blog/handyman-prices-boise,768,True,3,0,0,0,cd2d80098182be9fa7a2c49fc0aa347e931a8914,34520563359
/blog/handyman-prices-boise,1024,True,3,0,0,0,cd2d80098182be9fa7a2c49fc0aa347e931a8914,34520563359
/blog/handyman-prices-boise,1366,True,3,0,0,0,cd2d80098182be9fa7a2c49fc0aa347e931a8914,34520563359
/blog/handyman-prices-boise,1440,True,3,0,0,0,cd2d80098182be9fa7a2c49fc0aa347e931a8914,34520563359
/blog/handyman-prices-boise,1920,True,3,0,0,0,cd2d80098182be9fa7a2c49fc0aa347e931a8914,34520563359
/blog/handyman-red-flags,320,True,4,0,0,0,cd2d80098182be9fa7a2c49fc0aa347e931a8914,34520563359
/blog/handyman-red-flags,390,True,4,0,0,0,cd2d80098182be9fa7a2c49fc0aa347e931a8914,34520563359
/blog/handyman-red-flags,430,True,4,0,0,0,cd2d80098182be9fa7a2c49fc0aa347e931a8914,34520563359
/blog/handyman-red-flags,600,True,4,0,0,0,cd2d80098182be9fa7a2c49fc0aa347e931a8914,34520563359
/blog/handyman-red-flags,768,True,4,0,0,0,cd2d80098182be9fa7a2c49fc0aa347e931a8914,34520563359
/blog/handyman-red-flags,1024,True,4,0,0,0,cd2d80098182be9fa7a2c49fc0aa347e931a8914,34520563359
/blog/handyman-red-flags,1366,True,4,0,0,0,cd2d80098182be9fa7a2c49fc0aa347e931a8914,34520563359
/blog/handyman-red-flags,1440,True,4,0,0,0,cd2d80098182be9fa7a2c49fc0aa347e931a8914,34520563359
/blog/handyman-red-flags,1920,True,4,0,0,0,cd2d80098182be9fa7a2c49fc0aa347e931a8914,34520563359
/blog/handyman-vs-contractor,320,True,4,0,0,0,cd2d80098182be9fa7a2c49fc0aa347e931a8914,34520563359
/blog/handyman-vs-contractor,390,True,4,0,0,0,cd2d80098182be9fa7a2c49fc0aa347e931a8914,34520563359
/blog/handyman-vs-contractor,430,True,4,0,0,0,cd2d80098182be9fa7a2c49fc0aa347e931a8914,34520563359
/blog/handyman-vs-contractor,600,True,4,0,0,0,cd2d80098182be9fa7a2c49fc0aa347e931a8914,34520563359
/blog/handyman-vs-contractor,768,True,4,0,0,0,cd2d80098182be9fa7a2c49fc0aa347e931a8914,34520563359
/blog/handyman-vs-contractor,1024,True,4,0,0,0,cd2d80098182be9fa7a2c49fc0aa347e931a8914,34520563359
/blog/handyman-vs-contractor,1366,True,4,0,0,0,cd2d80098182be9fa7a2c49fc0aa347e931a8914,34520563359
/blog/handyman-vs-contractor,1440,True,4,0,0,0,cd2d80098182be9fa7a2c49fc0aa347e931a8914,34520563359
/blog/handyman-vs-contractor,1920,True,4,0,0,0,cd2d80098182be9fa7a2c49fc0aa347e931a8914,34520563359
/blog/home-maintenance-budget-idaho,320,True,3,0,0,0,cd2d80098182be9fa7a2c49fc0aa347e931a8914,34520563359
/blog/home-maintenance-budget-idaho,390,True,3,0,0,0,cd2d80098182be9fa7a2c49fc0aa347e931a8914,34520563359
/blog/home-maintenance-budget-idaho,430,True,3,0,0,0,cd2d80098182be9fa7a2c49fc0aa347e931a8914,34520563359
/blog/home-maintenance-budget-idaho,600,True,3,0,0,0,cd2d80098182be9fa7a2c49fc0aa347e931a8914,34520563359
/blog/home-maintenance-budget-idaho,768,True,3,0,0,0,cd2d80098182be9fa7a2c49fc0aa347e931a8914,34520563359
/blog/home-maintenance-budget-idaho,1024,True,3,0,0,0,cd2d80098182be9fa7a2c49fc0aa347e931a8914,34520563359
/blog/home-maintenance-budget-idaho,1366,True,3,0,0,0,cd2d80098182be9fa7a2c49fc0aa347e931a8914,34520563359
/blog/home-maintenance-budget-idaho,1440,True,3,0,0,0,cd2d80098182be9fa7a2c49fc0aa347e931a8914,34520563359
/blog/home-maintenance-budget-idaho,1920,True,3,0,0,0,cd2d80098182be9fa7a2c49fc0aa347e931a8914,34520563359
/blog/home-repairs-before-selling-boise,320,True,4,0,0,0,cd2d80098182be9fa7a2c49fc0aa347e931a8914,34520563359
/blog/home-repairs-before-selling-boise,390,True,4,0,0,0,cd2d80098182be9fa7a2c49fc0aa347e931a8914,34520563359
/blog/home-repairs-before-selling-boise,430,True,4,0,0,0,cd2d80098182be9fa7a2c49fc0aa347e931a8914,34520563359
/blog/home-repairs-before-selling-boise,600,True,4,0,0,0,cd2d80098182be9fa7a2c49fc0aa347e931a8914,34520563359
/blog/home-repairs-before-selling-boise,768,True,4,0,0,0,cd2d80098182be9fa7a2c49fc0aa347e931a8914,34520563359
/blog/home-repairs-before-selling-boise,1024,True,4,0,0,0,cd2d80098182be9fa7a2c49fc0aa347e931a8914,34520563359
/blog/home-repairs-before-selling-boise,1366,True,4,0,0,0,cd2d80098182be9fa7a2c49fc0aa347e931a8914,34520563359
/blog/home-repairs-before-selling-boise,1440,True,4,0,0,0,cd2d80098182be9fa7a2c49fc0aa347e931a8914,34520563359
/blog/home-repairs-before-selling-boise,1920,True,4,0,0,0,cd2d80098182be9fa7a2c49fc0aa347e931a8914,34520563359
/blog/hourly-rate-vs-flat-rate-handyman,320,True,3,0,0,0,cd2d80098182be9fa7a2c49fc0aa347e931a8914,34520563359
/blog/hourly-rate-vs-flat-rate-handyman,390,True,3,0,0,0,cd2d80098182be9fa7a2c49fc0aa347e931a8914,34520563359
/blog/hourly-rate-vs-flat-rate-handyman,430,True,3,0,0,0,cd2d80098182be9fa7a2c49fc0aa347e931a8914,34520563359
/blog/hourly-rate-vs-flat-rate-handyman,600,True,3,0,0,0,cd2d80098182be9fa7a2c49fc0aa347e931a8914,34520563359
/blog/hourly-rate-vs-flat-rate-handyman,768,True,3,0,0,0,cd2d80098182be9fa7a2c49fc0aa347e931a8914,34520563359
/blog/hourly-rate-vs-flat-rate-handyman,1024,True,3,0,0,0,cd2d80098182be9fa7a2c49fc0aa347e931a8914,34520563359
/blog/hourly-rate-vs-flat-rate-handyman,1366,True,3,0,0,0,cd2d80098182be9fa7a2c49fc0aa347e931a8914,34520563359
/blog/hourly-rate-vs-flat-rate-handyman,1440,True,3,0,0,0,cd2d80098182be9fa7a2c49fc0aa347e931a8914,34520563359
/blog/hourly-rate-vs-flat-rate-handyman,1920,True,3,0,0,0,cd2d80098182be9fa7a2c49fc0aa347e931a8914,34520563359
/blog/how-long-do-common-home-repairs-take,320,True,4,0,0,0,cd2d80098182be9fa7a2c49fc0aa347e931a8914,34520563359
/blog/how-long-do-common-home-repairs-take,390,True,4,0,0,0,cd2d80098182be9fa7a2c49fc0aa347e931a8914,34520563359
/blog/how-long-do-common-home-repairs-take,430,True,4,0,0,0,cd2d80098182be9fa7a2c49fc0aa347e931a8914,34520563359
/blog/how-long-do-common-home-repairs-take,600,True,4,0,0,0,cd2d80098182be9fa7a2c49fc0aa347e931a8914,34520563359
/blog/how-long-do-common-home-repairs-take,768,True,4,0,0,0,cd2d80098182be9fa7a2c49fc0aa347e931a8914,34520563359
/blog/how-long-do-common-home-repairs-take,1024,True,4,0,0,0,cd2d80098182be9fa7a2c49fc0aa347e931a8914,34520563359
/blog/how-long-do-common-home-repairs-take,1366,True,4,0,0,0,cd2d80098182be9fa7a2c49fc0aa347e931a8914,34520563359
/blog/how-long-do-common-home-repairs-take,1440,True,4,0,0,0,cd2d80098182be9fa7a2c49fc0aa347e931a8914,34520563359
/blog/how-long-do-common-home-repairs-take,1920,True,4,0,0,0,cd2d80098182be9fa7a2c49fc0aa347e931a8914,34520563359
/blog/how-to-budget-home-repairs-boise,320,True,4,0,0,0,cd2d80098182be9fa7a2c49fc0aa347e931a8914,34520563359
/blog/how-to-budget-home-repairs-boise,390,True,4,0,0,0,cd2d80098182be9fa7a2c49fc0aa347e931a8914,34520563359
/blog/how-to-budget-home-repairs-boise,430,True,4,0,0,0,cd2d80098182be9fa7a2c49fc0aa347e931a8914,34520563359
/blog/how-to-budget-home-repairs-boise,600,True,4,0,0,0,cd2d80098182be9fa7a2c49fc0aa347e931a8914,34520563359
/blog/how-to-budget-home-repairs-boise,768,True,4,0,0,0,cd2d80098182be9fa7a2c49fc0aa347e931a8914,34520563359
/blog/how-to-budget-home-repairs-boise,1024,True,4,0,0,0,cd2d80098182be9fa7a2c49fc0aa347e931a8914,34520563359
/blog/how-to-budget-home-repairs-boise,1366,True,4,0,0,0,cd2d80098182be9fa7a2c49fc0aa347e931a8914,34520563359
/blog/how-to-budget-home-repairs-boise,1440,True,4,0,0,0,cd2d80098182be9fa7a2c49fc0aa347e931a8914,34520563359
/blog/how-to-budget-home-repairs-boise,1920,True,4,0,0,0,cd2d80098182be9fa7a2c49fc0aa347e931a8914,34520563359
/blog/how-to-compare-handyman-quotes,320,True,3,0,0,0,cd2d80098182be9fa7a2c49fc0aa347e931a8914,34520563359
/blog/how-to-compare-handyman-quotes,390,True,3,0,0,0,cd2d80098182be9fa7a2c49fc0aa347e931a8914,34520563359
/blog/how-to-compare-handyman-quotes,430,True,3,0,0,0,cd2d80098182be9fa7a2c49fc0aa347e931a8914,34520563359
/blog/how-to-compare-handyman-quotes,600,True,3,0,0,0,cd2d80098182be9fa7a2c49fc0aa347e931a8914,34520563359
/blog/how-to-compare-handyman-quotes,768,True,3,0,0,0,cd2d80098182be9fa7a2c49fc0aa347e931a8914,34520563359
/blog/how-to-compare-handyman-quotes,1024,True,3,0,0,0,cd2d80098182be9fa7a2c49fc0aa347e931a8914,34520563359
/blog/how-to-compare-handyman-quotes,1366,True,3,0,0,0,cd2d80098182be9fa7a2c49fc0aa347e931a8914,34520563359
/blog/how-to-compare-handyman-quotes,1440,True,3,0,0,0,cd2d80098182be9fa7a2c49fc0aa347e931a8914,34520563359
/blog/how-to-compare-handyman-quotes,1920,True,3,0,0,0,cd2d80098182be9fa7a2c49fc0aa347e931a8914,34520563359
/blog/how-to-patch-drywall,320,True,4,0,0,0,cd2d80098182be9fa7a2c49fc0aa347e931a8914,34520563359
/blog/how-to-patch-drywall,390,True,4,0,0,0,cd2d80098182be9fa7a2c49fc0aa347e931a8914,34520563359
/blog/how-to-patch-drywall,430,True,4,0,0,0,cd2d80098182be9fa7a2c49fc0aa347e931a8914,34520563359
/blog/how-to-patch-drywall,600,True,4,0,0,0,cd2d80098182be9fa7a2c49fc0aa347e931a8914,34520563359
/blog/how-to-patch-drywall,768,True,4,0,0,0,cd2d80098182be9fa7a2c49fc0aa347e931a8914,34520563359
/blog/how-to-patch-drywall,1024,True,4,0,0,0,cd2d80098182be9fa7a2c49fc0aa347e931a8914,34520563359
/blog/how-to-patch-drywall,1366,True,4,0,0,0,cd2d80098182be9fa7a2c49fc0aa347e931a8914,34520563359
/blog/how-to-patch-drywall,1440,True,4,0,0,0,cd2d80098182be9fa7a2c49fc0aa347e931a8914,34520563359
/blog/how-to-patch-drywall,1920,True,4,0,0,0,cd2d80098182be9fa7a2c49fc0aa347e931a8914,34520563359
/blog/interior-paint-touch-up-guide,320,True,4,0,0,0,cd2d80098182be9fa7a2c49fc0aa347e931a8914,34520563359
/blog/interior-paint-touch-up-guide,390,True,4,0,0,0,cd2d80098182be9fa7a2c49fc0aa347e931a8914,34520563359
/blog/interior-paint-touch-up-guide,430,True,4,0,0,0,cd2d80098182be9fa7a2c49fc0aa347e931a8914,34520563359
/blog/interior-paint-touch-up-guide,600,True,4,0,0,0,cd2d80098182be9fa7a2c49fc0aa347e931a8914,34520563359
/blog/interior-paint-touch-up-guide,768,True,4,0,0,0,cd2d80098182be9fa7a2c49fc0aa347e931a8914,34520563359
/blog/interior-paint-touch-up-guide,1024,True,4,0,0,0,cd2d80098182be9fa7a2c49fc0aa347e931a8914,34520563359
/blog/interior-paint-touch-up-guide,1366,True,4,0,0,0,cd2d80098182be9fa7a2c49fc0aa347e931a8914,34520563359
/blog/interior-paint-touch-up-guide,1440,True,4,0,0,0,cd2d80098182be9fa7a2c49fc0aa347e931a8914,34520563359
/blog/interior-paint-touch-up-guide,1920,True,4,0,0,0,cd2d80098182be9fa7a2c49fc0aa347e931a8914,34520563359
/blog/new-home-punch-list-handyman,320,True,4,0,0,0,cd2d80098182be9fa7a2c49fc0aa347e931a8914,34520563359
/blog/new-home-punch-list-handyman,390,True,4,0,0,0,cd2d80098182be9fa7a2c49fc0aa347e931a8914,34520563359
/blog/new-home-punch-list-handyman,430,True,4,0,0,0,cd2d80098182be9fa7a2c49fc0aa347e931a8914,34520563359
/blog/new-home-punch-list-handyman,600,True,4,0,0,0,cd2d80098182be9fa7a2c49fc0aa347e931a8914,34520563359
/blog/new-home-punch-list-handyman,768,True,4,0,0,0,cd2d80098182be9fa7a2c49fc0aa347e931a8914,34520563359
/blog/new-home-punch-list-handyman,1024,True,4,0,0,0,cd2d80098182be9fa7a2c49fc0aa347e931a8914,34520563359
/blog/new-home-punch-list-handyman,1366,True,4,0,0,0,cd2d80098182be9fa7a2c49fc0aa347e931a8914,34520563359
/blog/new-home-punch-list-handyman,1440,True,4,0,0,0,cd2d80098182be9fa7a2c49fc0aa347e931a8914,34520563359
/blog/new-home-punch-list-handyman,1920,True,4,0,0,0,cd2d80098182be9fa7a2c49fc0aa347e931a8914,34520563359
/blog/preparing-your-boise-home-for-winter,320,True,4,0,0,0,cd2d80098182be9fa7a2c49fc0aa347e931a8914,34520563359
/blog/preparing-your-boise-home-for-winter,390,True,4,0,0,0,cd2d80098182be9fa7a2c49fc0aa347e931a8914,34520563359
/blog/preparing-your-boise-home-for-winter,430,True,4,0,0,0,cd2d80098182be9fa7a2c49fc0aa347e931a8914,34520563359
/blog/preparing-your-boise-home-for-winter,600,True,4,0,0,0,cd2d80098182be9fa7a2c49fc0aa347e931a8914,34520563359
/blog/preparing-your-boise-home-for-winter,768,True,4,0,0,0,cd2d80098182be9fa7a2c49fc0aa347e931a8914,34520563359
/blog/preparing-your-boise-home-for-winter,1024,True,4,0,0,0,cd2d80098182be9fa7a2c49fc0aa347e931a8914,34520563359
/blog/preparing-your-boise-home-for-winter,1366,True,4,0,0,0,cd2d80098182be9fa7a2c49fc0aa347e931a8914,34520563359
/blog/preparing-your-boise-home-for-winter,1440,True,4,0,0,0,cd2d80098182be9fa7a2c49fc0aa347e931a8914,34520563359
/blog/preparing-your-boise-home-for-winter,1920,True,4,0,0,0,cd2d80098182be9fa7a2c49fc0aa347e931a8914,34520563359
/blog/questions-to-ask-a-handyman,320,True,4,0,0,0,cd2d80098182be9fa7a2c49fc0aa347e931a8914,34520563359
/blog/questions-to-ask-a-handyman,390,True,4,0,0,0,cd2d80098182be9fa7a2c49fc0aa347e931a8914,34520563359
/blog/questions-to-ask-a-handyman,430,True,4,0,0,0,cd2d80098182be9fa7a2c49fc0aa347e931a8914,34520563359
/blog/questions-to-ask-a-handyman,600,True,4,0,0,0,cd2d80098182be9fa7a2c49fc0aa347e931a8914,34520563359
/blog/questions-to-ask-a-handyman,768,True,4,0,0,0,cd2d80098182be9fa7a2c49fc0aa347e931a8914,34520563359
/blog/questions-to-ask-a-handyman,1024,True,4,0,0,0,cd2d80098182be9fa7a2c49fc0aa347e931a8914,34520563359
/blog/questions-to-ask-a-handyman,1366,True,4,0,0,0,cd2d80098182be9fa7a2c49fc0aa347e931a8914,34520563359
/blog/questions-to-ask-a-handyman,1440,True,4,0,0,0,cd2d80098182be9fa7a2c49fc0aa347e931a8914,34520563359
/blog/questions-to-ask-a-handyman,1920,True,4,0,0,0,cd2d80098182be9fa7a2c49fc0aa347e931a8914,34520563359
/blog/replacing-faucets-and-fixtures,320,True,4,0,0,0,cd2d80098182be9fa7a2c49fc0aa347e931a8914,34520563359
/blog/replacing-faucets-and-fixtures,390,True,4,0,0,0,cd2d80098182be9fa7a2c49fc0aa347e931a8914,34520563359
/blog/replacing-faucets-and-fixtures,430,True,4,0,0,0,cd2d80098182be9fa7a2c49fc0aa347e931a8914,34520563359
/blog/replacing-faucets-and-fixtures,600,True,4,0,0,0,cd2d80098182be9fa7a2c49fc0aa347e931a8914,34520563359
/blog/replacing-faucets-and-fixtures,768,True,4,0,0,0,cd2d80098182be9fa7a2c49fc0aa347e931a8914,34520563359
/blog/replacing-faucets-and-fixtures,1024,True,4,0,0,0,cd2d80098182be9fa7a2c49fc0aa347e931a8914,34520563359
/blog/replacing-faucets-and-fixtures,1366,True,4,0,0,0,cd2d80098182be9fa7a2c49fc0aa347e931a8914,34520563359
/blog/replacing-faucets-and-fixtures,1440,True,4,0,0,0,cd2d80098182be9fa7a2c49fc0aa347e931a8914,34520563359
/blog/replacing-faucets-and-fixtures,1920,True,4,0,0,0,cd2d80098182be9fa7a2c49fc0aa347e931a8914,34520563359
/blog/seasonal-home-maintenance-checklist-boise,320,True,4,0,0,0,cd2d80098182be9fa7a2c49fc0aa347e931a8914,34520563359
/blog/seasonal-home-maintenance-checklist-boise,390,True,4,0,0,0,cd2d80098182be9fa7a2c49fc0aa347e931a8914,34520563359
/blog/seasonal-home-maintenance-checklist-boise,430,True,4,0,0,0,cd2d80098182be9fa7a2c49fc0aa347e931a8914,34520563359
/blog/seasonal-home-maintenance-checklist-boise,600,True,4,0,0,0,cd2d80098182be9fa7a2c49fc0aa347e931a8914,34520563359
/blog/seasonal-home-maintenance-checklist-boise,768,True,4,0,0,0,cd2d80098182be9fa7a2c49fc0aa347e931a8914,34520563359
/blog/seasonal-home-maintenance-checklist-boise,1024,True,4,0,0,0,cd2d80098182be9fa7a2c49fc0aa347e931a8914,34520563359
/blog/seasonal-home-maintenance-checklist-boise,1366,True,4,0,0,0,cd2d80098182be9fa7a2c49fc0aa347e931a8914,34520563359
/blog/seasonal-home-maintenance-checklist-boise,1440,True,4,0,0,0,cd2d80098182be9fa7a2c49fc0aa347e931a8914,34520563359
/blog/seasonal-home-maintenance-checklist-boise,1920,True,4,0,0,0,cd2d80098182be9fa7a2c49fc0aa347e931a8914,34520563359
/blog/small-home-upgrade-ideas-boise,320,True,4,0,0,0,cd2d80098182be9fa7a2c49fc0aa347e931a8914,34520563359
/blog/small-home-upgrade-ideas-boise,390,True,4,0,0,0,cd2d80098182be9fa7a2c49fc0aa347e931a8914,34520563359
/blog/small-home-upgrade-ideas-boise,430,True,4,0,0,0,cd2d80098182be9fa7a2c49fc0aa347e931a8914,34520563359
/blog/small-home-upgrade-ideas-boise,600,True,4,0,0,0,cd2d80098182be9fa7a2c49fc0aa347e931a8914,34520563359
/blog/small-home-upgrade-ideas-boise,768,True,4,0,0,0,cd2d80098182be9fa7a2c49fc0aa347e931a8914,34520563359
/blog/small-home-upgrade-ideas-boise,1024,True,4,0,0,0,cd2d80098182be9fa7a2c49fc0aa347e931a8914,34520563359
/blog/small-home-upgrade-ideas-boise,1366,True,4,0,0,0,cd2d80098182be9fa7a2c49fc0aa347e931a8914,34520563359
/blog/small-home-upgrade-ideas-boise,1440,True,4,0,0,0,cd2d80098182be9fa7a2c49fc0aa347e931a8914,34520563359
/blog/small-home-upgrade-ideas-boise,1920,True,4,0,0,0,cd2d80098182be9fa7a2c49fc0aa347e931a8914,34520563359
/blog/tv-mounting-and-anchoring-guide,320,True,3,0,0,0,cd2d80098182be9fa7a2c49fc0aa347e931a8914,34520563359
/blog/tv-mounting-and-anchoring-guide,390,True,3,0,0,0,cd2d80098182be9fa7a2c49fc0aa347e931a8914,34520563359
/blog/tv-mounting-and-anchoring-guide,430,True,3,0,0,0,cd2d80098182be9fa7a2c49fc0aa347e931a8914,34520563359
/blog/tv-mounting-and-anchoring-guide,600,True,3,0,0,0,cd2d80098182be9fa7a2c49fc0aa347e931a8914,34520563359
/blog/tv-mounting-and-anchoring-guide,768,True,3,0,0,0,cd2d80098182be9fa7a2c49fc0aa347e931a8914,34520563359
/blog/tv-mounting-and-anchoring-guide,1024,True,3,0,0,0,cd2d80098182be9fa7a2c49fc0aa347e931a8914,34520563359
/blog/tv-mounting-and-anchoring-guide,1366,True,3,0,0,0,cd2d80098182be9fa7a2c49fc0aa347e931a8914,34520563359
/blog/tv-mounting-and-anchoring-guide,1440,True,3,0,0,0,cd2d80098182be9fa7a2c49fc0aa347e931a8914,34520563359
/blog/tv-mounting-and-anchoring-guide,1920,True,3,0,0,0,cd2d80098182be9fa7a2c49fc0aa347e931a8914,34520563359
/blog/what-small-home-repairs-cost-boise,320,True,4,0,0,0,cd2d80098182be9fa7a2c49fc0aa347e931a8914,34520563359
/blog/what-small-home-repairs-cost-boise,390,True,4,0,0,0,cd2d80098182be9fa7a2c49fc0aa347e931a8914,34520563359
/blog/what-small-home-repairs-cost-boise,430,True,4,0,0,0,cd2d80098182be9fa7a2c49fc0aa347e931a8914,34520563359
/blog/what-small-home-repairs-cost-boise,600,True,4,0,0,0,cd2d80098182be9fa7a2c49fc0aa347e931a8914,34520563359
/blog/what-small-home-repairs-cost-boise,768,True,4,0,0,0,cd2d80098182be9fa7a2c49fc0aa347e931a8914,34520563359
/blog/what-small-home-repairs-cost-boise,1024,True,4,0,0,0,cd2d80098182be9fa7a2c49fc0aa347e931a8914,34520563359
/blog/what-small-home-repairs-cost-boise,1366,True,4,0,0,0,cd2d80098182be9fa7a2c49fc0aa347e931a8914,34520563359
/blog/what-small-home-repairs-cost-boise,1440,True,4,0,0,0,cd2d80098182be9fa7a2c49fc0aa347e931a8914,34520563359
/blog/what-small-home-repairs-cost-boise,1920,True,4,0,0,0,cd2d80098182be9fa7a2c49fc0aa347e931a8914,34520563359
/blog/what-to-expect-first-handyman-visit,320,True,4,0,0,0,cd2d80098182be9fa7a2c49fc0aa347e931a8914,34520563359
/blog/what-to-expect-first-handyman-visit,390,True,4,0,0,0,cd2d80098182be9fa7a2c49fc0aa347e931a8914,34520563359
/blog/what-to-expect-first-handyman-visit,430,True,4,0,0,0,cd2d80098182be9fa7a2c49fc0aa347e931a8914,34520563359
/blog/what-to-expect-first-handyman-visit,600,True,4,0,0,0,cd2d80098182be9fa7a2c49fc0aa347e931a8914,34520563359
/blog/what-to-expect-first-handyman-visit,768,True,4,0,0,0,cd2d80098182be9fa7a2c49fc0aa347e931a8914,34520563359
/blog/what-to-expect-first-handyman-visit,1024,True,4,0,0,0,cd2d80098182be9fa7a2c49fc0aa347e931a8914,34520563359
/blog/what-to-expect-first-handyman-visit,1366,True,4,0,0,0,cd2d80098182be9fa7a2c49fc0aa347e931a8914,34520563359
/blog/what-to-expect-first-handyman-visit,1440,True,4,0,0,0,cd2d80098182be9fa7a2c49fc0aa347e931a8914,34520563359
/blog/what-to-expect-first-handyman-visit,1920,True,4,0,0,0,cd2d80098182be9fa7a2c49fc0aa347e931a8914,34520563359
/blog/who-supplies-materials-handyman-jobs,320,True,4,0,0,0,6c5a9a22fd8f42af386d2f65a4d37ec15955f459,34522530177
/blog/who-supplies-materials-handyman-jobs,390,True,4,0,0,0,6c5a9a22fd8f42af386d2f65a4d37ec15955f459,34522530177
/blog/who-supplies-materials-handyman-jobs,430,True,4,0,0,0,6c5a9a22fd8f42af386d2f65a4d37ec15955f459,34522530177
/blog/who-supplies-materials-handyman-jobs,600,True,4,0,0,0,6c5a9a22fd8f42af386d2f65a4d37ec15955f459,34522530177
/blog/who-supplies-materials-handyman-jobs,768,True,4,0,0,0,6c5a9a22fd8f42af386d2f65a4d37ec15955f459,34522530177
/blog/who-supplies-materials-handyman-jobs,1024,True,4,0,0,0,6c5a9a22fd8f42af386d2f65a4d37ec15955f459,34522530177
/blog/who-supplies-materials-handyman-jobs,1366,True,4,0,0,0,6c5a9a22fd8f42af386d2f65a4d37ec15955f459,34522530177
/blog/who-supplies-materials-handyman-jobs,1440,True,4,0,0,0,6c5a9a22fd8f42af386d2f65a4d37ec15955f459,34522530177
/blog/who-supplies-materials-handyman-jobs,1920,True,4,0,0,0,6c5a9a22fd8f42af386d2f65a4d37ec15955f459,34522530177
/blog/why-handyman-quotes-vary,320,True,3,0,0,0,cd2d80098182be9fa7a2c49fc0aa347e931a8914,34520563359
/blog/why-handyman-quotes-vary,390,True,3,0,0,0,cd2d80098182be9fa7a2c49fc0aa347e931a8914,34520563359
/blog/why-handyman-quotes-vary,430,True,3,0,0,0,cd2d80098182be9fa7a2c49fc0aa347e931a8914,34520563359
/blog/why-handyman-quotes-vary,600,True,3,0,0,0,cd2d80098182be9fa7a2c49fc0aa347e931a8914,34520563359
/blog/why-handyman-quotes-vary,768,True,3,0,0,0,cd2d80098182be9fa7a2c49fc0aa347e931a8914,34520563359
/blog/why-handyman-quotes-vary,1024,True,3,0,0,0,cd2d80098182be9fa7a2c49fc0aa347e931a8914,34520563359
/blog/why-handyman-quotes-vary,1366,True,3,0,0,0,cd2d80098182be9fa7a2c49fc0aa347e931a8914,34520563359
/blog/why-handyman-quotes-vary,1440,True,3,0,0,0,cd2d80098182be9fa7a2c49fc0aa347e931a8914,34520563359
/blog/why-handyman-quotes-vary,1920,True,3,0,0,0,cd2d80098182be9fa7a2c49fc0aa347e931a8914,34520563359
/contact,320,True,5,0,0,0,cd2d80098182be9fa7a2c49fc0aa347e931a8914,34520563359
/contact,390,True,5,0,0,0,cd2d80098182be9fa7a2c49fc0aa347e931a8914,34520563359
/contact,430,True,5,0,0,0,cd2d80098182be9fa7a2c49fc0aa347e931a8914,34520563359
/contact,600,True,5,0,0,0,cd2d80098182be9fa7a2c49fc0aa347e931a8914,34520563359
/contact,768,True,5,0,0,0,cd2d80098182be9fa7a2c49fc0aa347e931a8914,34520563359
/contact,1024,True,5,0,0,0,cd2d80098182be9fa7a2c49fc0aa347e931a8914,34520563359
/contact,1366,True,5,0,0,0,cd2d80098182be9fa7a2c49fc0aa347e931a8914,34520563359
/contact,1440,True,5,0,0,0,cd2d80098182be9fa7a2c49fc0aa347e931a8914,34520563359
/contact,1920,True,5,0,0,0,cd2d80098182be9fa7a2c49fc0aa347e931a8914,34520563359
/estimate,320,True,1,0,0,0,cd2d80098182be9fa7a2c49fc0aa347e931a8914,34520563359
/estimate,390,True,1,0,0,0,cd2d80098182be9fa7a2c49fc0aa347e931a8914,34520563359
/estimate,430,True,1,0,0,0,cd2d80098182be9fa7a2c49fc0aa347e931a8914,34520563359
/estimate,600,True,1,0,0,0,cd2d80098182be9fa7a2c49fc0aa347e931a8914,34520563359
/estimate,768,True,1,0,0,0,cd2d80098182be9fa7a2c49fc0aa347e931a8914,34520563359
/estimate,1024,True,1,0,0,0,cd2d80098182be9fa7a2c49fc0aa347e931a8914,34520563359
/estimate,1366,True,1,0,0,0,cd2d80098182be9fa7a2c49fc0aa347e931a8914,34520563359
/estimate,1440,True,1,0,0,0,cd2d80098182be9fa7a2c49fc0aa347e931a8914,34520563359
/estimate,1920,True,1,0,0,0,cd2d80098182be9fa7a2c49fc0aa347e931a8914,34520563359
/estimate/scope,320,True,2,0,0,0,6c5a9a22fd8f42af386d2f65a4d37ec15955f459,34522530177
/estimate/scope,390,True,2,0,0,0,6c5a9a22fd8f42af386d2f65a4d37ec15955f459,34522530177
/estimate/scope,430,True,2,0,0,0,6c5a9a22fd8f42af386d2f65a4d37ec15955f459,34522530177
/estimate/scope,600,True,2,0,0,0,6c5a9a22fd8f42af386d2f65a4d37ec15955f459,34522530177
/estimate/scope,768,True,2,0,0,0,6c5a9a22fd8f42af386d2f65a4d37ec15955f459,34522530177
/estimate/scope,1024,True,2,0,0,0,6c5a9a22fd8f42af386d2f65a4d37ec15955f459,34522530177
/estimate/scope,1366,True,2,0,0,0,6c5a9a22fd8f42af386d2f65a4d37ec15955f459,34522530177
/estimate/scope,1440,True,2,0,0,0,6c5a9a22fd8f42af386d2f65a4d37ec15955f459,34522530177
/estimate/scope,1920,True,2,0,0,0,6c5a9a22fd8f42af386d2f65a4d37ec15955f459,34522530177
/guides,320,True,20,0,0,0,cd2d80098182be9fa7a2c49fc0aa347e931a8914,34520563359
/guides,390,True,20,0,0,0,cd2d80098182be9fa7a2c49fc0aa347e931a8914,34520563359
/guides,430,True,20,0,0,0,cd2d80098182be9fa7a2c49fc0aa347e931a8914,34520563359
/guides,600,True,20,0,0,0,cd2d80098182be9fa7a2c49fc0aa347e931a8914,34520563359
/guides,768,True,20,0,0,0,cd2d80098182be9fa7a2c49fc0aa347e931a8914,34520563359
/guides,1024,True,20,0,0,0,cd2d80098182be9fa7a2c49fc0aa347e931a8914,34520563359
/guides,1366,True,20,0,0,0,cd2d80098182be9fa7a2c49fc0aa347e931a8914,34520563359
/guides,1440,True,20,0,0,0,cd2d80098182be9fa7a2c49fc0aa347e931a8914,34520563359
/guides,1920,True,20,0,0,0,cd2d80098182be9fa7a2c49fc0aa347e931a8914,34520563359
/guides/boise-handyman-guide,320,True,4,0,0,0,cd2d80098182be9fa7a2c49fc0aa347e931a8914,34520563359
/guides/boise-handyman-guide,390,True,4,0,0,0,cd2d80098182be9fa7a2c49fc0aa347e931a8914,34520563359
/guides/boise-handyman-guide,430,True,4,0,0,0,cd2d80098182be9fa7a2c49fc0aa347e931a8914,34520563359
/guides/boise-handyman-guide,600,True,4,0,0,0,cd2d80098182be9fa7a2c49fc0aa347e931a8914,34520563359
/guides/boise-handyman-guide,768,True,4,0,0,0,cd2d80098182be9fa7a2c49fc0aa347e931a8914,34520563359
/guides/boise-handyman-guide,1024,True,4,0,0,0,cd2d80098182be9fa7a2c49fc0aa347e931a8914,34520563359
/guides/boise-handyman-guide,1366,True,4,0,0,0,cd2d80098182be9fa7a2c49fc0aa347e931a8914,34520563359
/guides/boise-handyman-guide,1440,True,4,0,0,0,cd2d80098182be9fa7a2c49fc0aa347e931a8914,34520563359
/guides/boise-handyman-guide,1920,True,4,0,0,0,cd2d80098182be9fa7a2c49fc0aa347e931a8914,34520563359
/guides/boise-home-maintenance-guide,320,True,4,0,0,0,cd2d80098182be9fa7a2c49fc0aa347e931a8914,34520563359
/guides/boise-home-maintenance-guide,390,True,4,0,0,0,cd2d80098182be9fa7a2c49fc0aa347e931a8914,34520563359
/guides/boise-home-maintenance-guide,430,True,4,0,0,0,cd2d80098182be9fa7a2c49fc0aa347e931a8914,34520563359
/guides/boise-home-maintenance-guide,600,True,4,0,0,0,cd2d80098182be9fa7a2c49fc0aa347e931a8914,34520563359
/guides/boise-home-maintenance-guide,768,True,4,0,0,0,cd2d80098182be9fa7a2c49fc0aa347e931a8914,34520563359
/guides/boise-home-maintenance-guide,1024,True,4,0,0,0,cd2d80098182be9fa7a2c49fc0aa347e931a8914,34520563359
/guides/boise-home-maintenance-guide,1366,True,4,0,0,0,cd2d80098182be9fa7a2c49fc0aa347e931a8914,34520563359
/guides/boise-home-maintenance-guide,1440,True,4,0,0,0,cd2d80098182be9fa7a2c49fc0aa347e931a8914,34520563359
/guides/boise-home-maintenance-guide,1920,True,4,0,0,0,cd2d80098182be9fa7a2c49fc0aa347e931a8914,34520563359
/guides/boise-home-repair-cost-guide,320,True,3,0,0,0,cd2d80098182be9fa7a2c49fc0aa347e931a8914,34520563359
/guides/boise-home-repair-cost-guide,390,True,3,0,0,0,cd2d80098182be9fa7a2c49fc0aa347e931a8914,34520563359
/guides/boise-home-repair-cost-guide,430,True,3,0,0,0,cd2d80098182be9fa7a2c49fc0aa347e931a8914,34520563359
/guides/boise-home-repair-cost-guide,600,True,3,0,0,0,cd2d80098182be9fa7a2c49fc0aa347e931a8914,34520563359
/guides/boise-home-repair-cost-guide,768,True,3,0,0,0,cd2d80098182be9fa7a2c49fc0aa347e931a8914,34520563359
/guides/boise-home-repair-cost-guide,1024,True,3,0,0,0,cd2d80098182be9fa7a2c49fc0aa347e931a8914,34520563359
/guides/boise-home-repair-cost-guide,1366,True,3,0,0,0,cd2d80098182be9fa7a2c49fc0aa347e931a8914,34520563359
/guides/boise-home-repair-cost-guide,1440,True,3,0,0,0,cd2d80098182be9fa7a2c49fc0aa347e931a8914,34520563359
/guides/boise-home-repair-cost-guide,1920,True,3,0,0,0,cd2d80098182be9fa7a2c49fc0aa347e931a8914,34520563359
/guides/caldwell-handyman-guide,320,True,4,0,0,0,cd2d80098182be9fa7a2c49fc0aa347e931a8914,34520563359
/guides/caldwell-handyman-guide,390,True,4,0,0,0,cd2d80098182be9fa7a2c49fc0aa347e931a8914,34520563359
/guides/caldwell-handyman-guide,430,True,4,0,0,0,cd2d80098182be9fa7a2c49fc0aa347e931a8914,34520563359
/guides/caldwell-handyman-guide,600,True,4,0,0,0,cd2d80098182be9fa7a2c49fc0aa347e931a8914,34520563359
/guides/caldwell-handyman-guide,768,True,4,0,0,0,cd2d80098182be9fa7a2c49fc0aa347e931a8914,34520563359
/guides/caldwell-handyman-guide,1024,True,4,0,0,0,cd2d80098182be9fa7a2c49fc0aa347e931a8914,34520563359
/guides/caldwell-handyman-guide,1366,True,4,0,0,0,cd2d80098182be9fa7a2c49fc0aa347e931a8914,34520563359
/guides/caldwell-handyman-guide,1440,True,4,0,0,0,cd2d80098182be9fa7a2c49fc0aa347e931a8914,34520563359
/guides/caldwell-handyman-guide,1920,True,4,0,0,0,cd2d80098182be9fa7a2c49fc0aa347e931a8914,34520563359
/guides/eagle-foothills-handyman-guide,320,True,4,0,0,0,cd2d80098182be9fa7a2c49fc0aa347e931a8914,34520563359
/guides/eagle-foothills-handyman-guide,390,True,4,0,0,0,cd2d80098182be9fa7a2c49fc0aa347e931a8914,34520563359
/guides/eagle-foothills-handyman-guide,430,True,4,0,0,0,cd2d80098182be9fa7a2c49fc0aa347e931a8914,34520563359
/guides/eagle-foothills-handyman-guide,600,True,4,0,0,0,cd2d80098182be9fa7a2c49fc0aa347e931a8914,34520563359
/guides/eagle-foothills-handyman-guide,768,True,4,0,0,0,cd2d80098182be9fa7a2c49fc0aa347e931a8914,34520563359
/guides/eagle-foothills-handyman-guide,1024,True,4,0,0,0,cd2d80098182be9fa7a2c49fc0aa347e931a8914,34520563359
/guides/eagle-foothills-handyman-guide,1366,True,4,0,0,0,cd2d80098182be9fa7a2c49fc0aa347e931a8914,34520563359
/guides/eagle-foothills-handyman-guide,1440,True,4,0,0,0,cd2d80098182be9fa7a2c49fc0aa347e931a8914,34520563359
/guides/eagle-foothills-handyman-guide,1920,True,4,0,0,0,cd2d80098182be9fa7a2c49fc0aa347e931a8914,34520563359
/guides/eagle-handyman-guide,320,True,4,0,0,0,cd2d80098182be9fa7a2c49fc0aa347e931a8914,34520563359
/guides/eagle-handyman-guide,390,True,4,0,0,0,cd2d80098182be9fa7a2c49fc0aa347e931a8914,34520563359
/guides/eagle-handyman-guide,430,True,4,0,0,0,cd2d80098182be9fa7a2c49fc0aa347e931a8914,34520563359
/guides/eagle-handyman-guide,600,True,4,0,0,0,cd2d80098182be9fa7a2c49fc0aa347e931a8914,34520563359
/guides/eagle-handyman-guide,768,True,4,0,0,0,cd2d80098182be9fa7a2c49fc0aa347e931a8914,34520563359
/guides/eagle-handyman-guide,1024,True,4,0,0,0,cd2d80098182be9fa7a2c49fc0aa347e931a8914,34520563359
/guides/eagle-handyman-guide,1366,True,4,0,0,0,cd2d80098182be9fa7a2c49fc0aa347e931a8914,34520563359
/guides/eagle-handyman-guide,1440,True,4,0,0,0,cd2d80098182be9fa7a2c49fc0aa347e931a8914,34520563359
/guides/eagle-handyman-guide,1920,True,4,0,0,0,cd2d80098182be9fa7a2c49fc0aa347e931a8914,34520563359
/guides/first-time-homeowner-repair-handbook,320,True,4,0,0,0,cd2d80098182be9fa7a2c49fc0aa347e931a8914,34520563359
/guides/first-time-homeowner-repair-handbook,390,True,4,0,0,0,cd2d80098182be9fa7a2c49fc0aa347e931a8914,34520563359
/guides/first-time-homeowner-repair-handbook,430,True,4,0,0,0,cd2d80098182be9fa7a2c49fc0aa347e931a8914,34520563359
/guides/first-time-homeowner-repair-handbook,600,True,4,0,0,0,cd2d80098182be9fa7a2c49fc0aa347e931a8914,34520563359
/guides/first-time-homeowner-repair-handbook,768,True,4,0,0,0,cd2d80098182be9fa7a2c49fc0aa347e931a8914,34520563359
/guides/first-time-homeowner-repair-handbook,1024,True,4,0,0,0,cd2d80098182be9fa7a2c49fc0aa347e931a8914,34520563359
/guides/first-time-homeowner-repair-handbook,1366,True,4,0,0,0,cd2d80098182be9fa7a2c49fc0aa347e931a8914,34520563359
/guides/first-time-homeowner-repair-handbook,1440,True,4,0,0,0,cd2d80098182be9fa7a2c49fc0aa347e931a8914,34520563359
/guides/first-time-homeowner-repair-handbook,1920,True,4,0,0,0,cd2d80098182be9fa7a2c49fc0aa347e931a8914,34520563359
/guides/harris-ranch-handyman-guide,320,True,4,0,0,0,cd2d80098182be9fa7a2c49fc0aa347e931a8914,34520563359
/guides/harris-ranch-handyman-guide,390,True,4,0,0,0,cd2d80098182be9fa7a2c49fc0aa347e931a8914,34520563359
/guides/harris-ranch-handyman-guide,430,True,4,0,0,0,cd2d80098182be9fa7a2c49fc0aa347e931a8914,34520563359
/guides/harris-ranch-handyman-guide,600,True,4,0,0,0,cd2d80098182be9fa7a2c49fc0aa347e931a8914,34520563359
/guides/harris-ranch-handyman-guide,768,True,4,0,0,0,cd2d80098182be9fa7a2c49fc0aa347e931a8914,34520563359
/guides/harris-ranch-handyman-guide,1024,True,4,0,0,0,cd2d80098182be9fa7a2c49fc0aa347e931a8914,34520563359
/guides/harris-ranch-handyman-guide,1366,True,4,0,0,0,cd2d80098182be9fa7a2c49fc0aa347e931a8914,34520563359
/guides/harris-ranch-handyman-guide,1440,True,4,0,0,0,cd2d80098182be9fa7a2c49fc0aa347e931a8914,34520563359
/guides/harris-ranch-handyman-guide,1920,True,4,0,0,0,cd2d80098182be9fa7a2c49fc0aa347e931a8914,34520563359
/guides/hidden-springs-handyman-guide,320,True,4,0,0,0,cd2d80098182be9fa7a2c49fc0aa347e931a8914,34520563359
/guides/hidden-springs-handyman-guide,390,True,4,0,0,0,cd2d80098182be9fa7a2c49fc0aa347e931a8914,34520563359
/guides/hidden-springs-handyman-guide,430,True,4,0,0,0,cd2d80098182be9fa7a2c49fc0aa347e931a8914,34520563359
/guides/hidden-springs-handyman-guide,600,True,4,0,0,0,cd2d80098182be9fa7a2c49fc0aa347e931a8914,34520563359
/guides/hidden-springs-handyman-guide,768,True,4,0,0,0,cd2d80098182be9fa7a2c49fc0aa347e931a8914,34520563359
/guides/hidden-springs-handyman-guide,1024,True,4,0,0,0,cd2d80098182be9fa7a2c49fc0aa347e931a8914,34520563359
/guides/hidden-springs-handyman-guide,1366,True,4,0,0,0,cd2d80098182be9fa7a2c49fc0aa347e931a8914,34520563359
/guides/hidden-springs-handyman-guide,1440,True,4,0,0,0,cd2d80098182be9fa7a2c49fc0aa347e931a8914,34520563359
/guides/hidden-springs-handyman-guide,1920,True,4,0,0,0,cd2d80098182be9fa7a2c49fc0aa347e931a8914,34520563359
/guides/hire-a-handyman-treasure-valley,320,True,4,0,0,0,cd2d80098182be9fa7a2c49fc0aa347e931a8914,34520563359
/guides/hire-a-handyman-treasure-valley,390,True,4,0,0,0,cd2d80098182be9fa7a2c49fc0aa347e931a8914,34520563359
/guides/hire-a-handyman-treasure-valley,430,True,4,0,0,0,cd2d80098182be9fa7a2c49fc0aa347e931a8914,34520563359
/guides/hire-a-handyman-treasure-valley,600,True,4,0,0,0,cd2d80098182be9fa7a2c49fc0aa347e931a8914,34520563359
/guides/hire-a-handyman-treasure-valley,768,True,4,0,0,0,cd2d80098182be9fa7a2c49fc0aa347e931a8914,34520563359
/guides/hire-a-handyman-treasure-valley,1024,True,4,0,0,0,cd2d80098182be9fa7a2c49fc0aa347e931a8914,34520563359
/guides/hire-a-handyman-treasure-valley,1366,True,4,0,0,0,cd2d80098182be9fa7a2c49fc0aa347e931a8914,34520563359
/guides/hire-a-handyman-treasure-valley,1440,True,4,0,0,0,cd2d80098182be9fa7a2c49fc0aa347e931a8914,34520563359
/guides/hire-a-handyman-treasure-valley,1920,True,4,0,0,0,cd2d80098182be9fa7a2c49fc0aa347e931a8914,34520563359
/guides/kuna-handyman-guide,320,True,4,0,0,0,cd2d80098182be9fa7a2c49fc0aa347e931a8914,34520563359
/guides/kuna-handyman-guide,390,True,4,0,0,0,cd2d80098182be9fa7a2c49fc0aa347e931a8914,34520563359
/guides/kuna-handyman-guide,430,True,4,0,0,0,cd2d80098182be9fa7a2c49fc0aa347e931a8914,34520563359
/guides/kuna-handyman-guide,600,True,4,0,0,0,cd2d80098182be9fa7a2c49fc0aa347e931a8914,34520563359
/guides/kuna-handyman-guide,768,True,4,0,0,0,cd2d80098182be9fa7a2c49fc0aa347e931a8914,34520563359
/guides/kuna-handyman-guide,1024,True,4,0,0,0,cd2d80098182be9fa7a2c49fc0aa347e931a8914,34520563359
/guides/kuna-handyman-guide,1366,True,4,0,0,0,cd2d80098182be9fa7a2c49fc0aa347e931a8914,34520563359
/guides/kuna-handyman-guide,1440,True,4,0,0,0,cd2d80098182be9fa7a2c49fc0aa347e931a8914,34520563359
/guides/kuna-handyman-guide,1920,True,4,0,0,0,cd2d80098182be9fa7a2c49fc0aa347e931a8914,34520563359
/guides/meridian-handyman-guide,320,True,4,0,0,0,cd2d80098182be9fa7a2c49fc0aa347e931a8914,34520563359
/guides/meridian-handyman-guide,390,True,4,0,0,0,cd2d80098182be9fa7a2c49fc0aa347e931a8914,34520563359
/guides/meridian-handyman-guide,430,True,4,0,0,0,cd2d80098182be9fa7a2c49fc0aa347e931a8914,34520563359
/guides/meridian-handyman-guide,600,True,4,0,0,0,cd2d80098182be9fa7a2c49fc0aa347e931a8914,34520563359
/guides/meridian-handyman-guide,768,True,4,0,0,0,cd2d80098182be9fa7a2c49fc0aa347e931a8914,34520563359
/guides/meridian-handyman-guide,1024,True,4,0,0,0,cd2d80098182be9fa7a2c49fc0aa347e931a8914,34520563359
/guides/meridian-handyman-guide,1366,True,4,0,0,0,cd2d80098182be9fa7a2c49fc0aa347e931a8914,34520563359
/guides/meridian-handyman-guide,1440,True,4,0,0,0,cd2d80098182be9fa7a2c49fc0aa347e931a8914,34520563359
/guides/meridian-handyman-guide,1920,True,4,0,0,0,cd2d80098182be9fa7a2c49fc0aa347e931a8914,34520563359
/guides/middleton-handyman-guide,320,True,4,0,0,0,cd2d80098182be9fa7a2c49fc0aa347e931a8914,34520563359
/guides/middleton-handyman-guide,390,True,4,0,0,0,cd2d80098182be9fa7a2c49fc0aa347e931a8914,34520563359
/guides/middleton-handyman-guide,430,True,4,0,0,0,cd2d80098182be9fa7a2c49fc0aa347e931a8914,34520563359
/guides/middleton-handyman-guide,600,True,4,0,0,0,cd2d80098182be9fa7a2c49fc0aa347e931a8914,34520563359
/guides/middleton-handyman-guide,768,True,4,0,0,0,cd2d80098182be9fa7a2c49fc0aa347e931a8914,34520563359
/guides/middleton-handyman-guide,1024,True,4,0,0,0,cd2d80098182be9fa7a2c49fc0aa347e931a8914,34520563359
/guides/middleton-handyman-guide,1366,True,4,0,0,0,cd2d80098182be9fa7a2c49fc0aa347e931a8914,34520563359
/guides/middleton-handyman-guide,1440,True,4,0,0,0,cd2d80098182be9fa7a2c49fc0aa347e931a8914,34520563359
/guides/middleton-handyman-guide,1920,True,4,0,0,0,cd2d80098182be9fa7a2c49fc0aa347e931a8914,34520563359
/guides/nampa-handyman-guide,320,True,4,0,0,0,cd2d80098182be9fa7a2c49fc0aa347e931a8914,34520563359
/guides/nampa-handyman-guide,390,True,4,0,0,0,cd2d80098182be9fa7a2c49fc0aa347e931a8914,34520563359
/guides/nampa-handyman-guide,430,True,4,0,0,0,cd2d80098182be9fa7a2c49fc0aa347e931a8914,34520563359
/guides/nampa-handyman-guide,600,True,4,0,0,0,cd2d80098182be9fa7a2c49fc0aa347e931a8914,34520563359
/guides/nampa-handyman-guide,768,True,4,0,0,0,cd2d80098182be9fa7a2c49fc0aa347e931a8914,34520563359
/guides/nampa-handyman-guide,1024,True,4,0,0,0,cd2d80098182be9fa7a2c49fc0aa347e931a8914,34520563359
/guides/nampa-handyman-guide,1366,True,4,0,0,0,cd2d80098182be9fa7a2c49fc0aa347e931a8914,34520563359
/guides/nampa-handyman-guide,1440,True,4,0,0,0,cd2d80098182be9fa7a2c49fc0aa347e931a8914,34520563359
/guides/nampa-handyman-guide,1920,True,4,0,0,0,cd2d80098182be9fa7a2c49fc0aa347e931a8914,34520563359
/guides/small-home-upgrades-that-pay-off,320,True,4,0,0,0,cd2d80098182be9fa7a2c49fc0aa347e931a8914,34520563359
/guides/small-home-upgrades-that-pay-off,390,True,4,0,0,0,cd2d80098182be9fa7a2c49fc0aa347e931a8914,34520563359
/guides/small-home-upgrades-that-pay-off,430,True,4,0,0,0,cd2d80098182be9fa7a2c49fc0aa347e931a8914,34520563359
/guides/small-home-upgrades-that-pay-off,600,True,4,0,0,0,cd2d80098182be9fa7a2c49fc0aa347e931a8914,34520563359
/guides/small-home-upgrades-that-pay-off,768,True,4,0,0,0,cd2d80098182be9fa7a2c49fc0aa347e931a8914,34520563359
/guides/small-home-upgrades-that-pay-off,1024,True,4,0,0,0,cd2d80098182be9fa7a2c49fc0aa347e931a8914,34520563359
/guides/small-home-upgrades-that-pay-off,1366,True,4,0,0,0,cd2d80098182be9fa7a2c49fc0aa347e931a8914,34520563359
/guides/small-home-upgrades-that-pay-off,1440,True,4,0,0,0,cd2d80098182be9fa7a2c49fc0aa347e931a8914,34520563359
/guides/small-home-upgrades-that-pay-off,1920,True,4,0,0,0,cd2d80098182be9fa7a2c49fc0aa347e931a8914,34520563359
/guides/star-handyman-guide,320,True,4,0,0,0,cd2d80098182be9fa7a2c49fc0aa347e931a8914,34520563359
/guides/star-handyman-guide,390,True,4,0,0,0,cd2d80098182be9fa7a2c49fc0aa347e931a8914,34520563359
/guides/star-handyman-guide,430,True,4,0,0,0,cd2d80098182be9fa7a2c49fc0aa347e931a8914,34520563359
/guides/star-handyman-guide,600,True,4,0,0,0,cd2d80098182be9fa7a2c49fc0aa347e931a8914,34520563359
/guides/star-handyman-guide,768,True,4,0,0,0,cd2d80098182be9fa7a2c49fc0aa347e931a8914,34520563359
/guides/star-handyman-guide,1024,True,4,0,0,0,cd2d80098182be9fa7a2c49fc0aa347e931a8914,34520563359
/guides/star-handyman-guide,1366,True,4,0,0,0,cd2d80098182be9fa7a2c49fc0aa347e931a8914,34520563359
/guides/star-handyman-guide,1440,True,4,0,0,0,cd2d80098182be9fa7a2c49fc0aa347e931a8914,34520563359
/guides/star-handyman-guide,1920,True,4,0,0,0,cd2d80098182be9fa7a2c49fc0aa347e931a8914,34520563359
/guides/treasure-valley-exterior-home-care-guide,320,True,3,0,0,0,cd2d80098182be9fa7a2c49fc0aa347e931a8914,34520563359
/guides/treasure-valley-exterior-home-care-guide,390,True,3,0,0,0,cd2d80098182be9fa7a2c49fc0aa347e931a8914,34520563359
/guides/treasure-valley-exterior-home-care-guide,430,True,3,0,0,0,cd2d80098182be9fa7a2c49fc0aa347e931a8914,34520563359
/guides/treasure-valley-exterior-home-care-guide,600,True,3,0,0,0,cd2d80098182be9fa7a2c49fc0aa347e931a8914,34520563359
/guides/treasure-valley-exterior-home-care-guide,768,True,3,0,0,0,cd2d80098182be9fa7a2c49fc0aa347e931a8914,34520563359
/guides/treasure-valley-exterior-home-care-guide,1024,True,3,0,0,0,cd2d80098182be9fa7a2c49fc0aa347e931a8914,34520563359
/guides/treasure-valley-exterior-home-care-guide,1366,True,3,0,0,0,cd2d80098182be9fa7a2c49fc0aa347e931a8914,34520563359
/guides/treasure-valley-exterior-home-care-guide,1440,True,3,0,0,0,cd2d80098182be9fa7a2c49fc0aa347e931a8914,34520563359
/guides/treasure-valley-exterior-home-care-guide,1920,True,3,0,0,0,cd2d80098182be9fa7a2c49fc0aa347e931a8914,34520563359
/privacy-policy,320,True,2,0,0,0,cd2d80098182be9fa7a2c49fc0aa347e931a8914,34520563359
/privacy-policy,390,True,2,0,0,0,cd2d80098182be9fa7a2c49fc0aa347e931a8914,34520563359
/privacy-policy,430,True,2,0,0,0,cd2d80098182be9fa7a2c49fc0aa347e931a8914,34520563359
/privacy-policy,600,True,2,0,0,0,cd2d80098182be9fa7a2c49fc0aa347e931a8914,34520563359
/privacy-policy,768,True,2,0,0,0,cd2d80098182be9fa7a2c49fc0aa347e931a8914,34520563359
/privacy-policy,1024,True,2,0,0,0,cd2d80098182be9fa7a2c49fc0aa347e931a8914,34520563359
/privacy-policy,1366,True,2,0,0,0,cd2d80098182be9fa7a2c49fc0aa347e931a8914,34520563359
/privacy-policy,1440,True,2,0,0,0,cd2d80098182be9fa7a2c49fc0aa347e931a8914,34520563359
/privacy-policy,1920,True,2,0,0,0,cd2d80098182be9fa7a2c49fc0aa347e931a8914,34520563359
/re-10-repairs-boise,320,True,3,0,0,0,cd2d80098182be9fa7a2c49fc0aa347e931a8914,34520563359
/re-10-repairs-boise,390,True,3,0,0,0,cd2d80098182be9fa7a2c49fc0aa347e931a8914,34520563359
/re-10-repairs-boise,430,True,3,0,0,0,cd2d80098182be9fa7a2c49fc0aa347e931a8914,34520563359
/re-10-repairs-boise,600,True,3,0,0,0,cd2d80098182be9fa7a2c49fc0aa347e931a8914,34520563359
/re-10-repairs-boise,768,True,3,0,0,0,cd2d80098182be9fa7a2c49fc0aa347e931a8914,34520563359
/re-10-repairs-boise,1024,True,3,0,0,0,cd2d80098182be9fa7a2c49fc0aa347e931a8914,34520563359
/re-10-repairs-boise,1366,True,3,0,0,0,cd2d80098182be9fa7a2c49fc0aa347e931a8914,34520563359
/re-10-repairs-boise,1440,True,3,0,0,0,cd2d80098182be9fa7a2c49fc0aa347e931a8914,34520563359
/re-10-repairs-boise,1920,True,3,0,0,0,cd2d80098182be9fa7a2c49fc0aa347e931a8914,34520563359
/resources,320,True,2,0,0,0,cd2d80098182be9fa7a2c49fc0aa347e931a8914,34520563359
/resources,390,True,2,0,0,0,cd2d80098182be9fa7a2c49fc0aa347e931a8914,34520563359
/resources,430,True,2,0,0,0,cd2d80098182be9fa7a2c49fc0aa347e931a8914,34520563359
/resources,600,True,2,0,0,0,cd2d80098182be9fa7a2c49fc0aa347e931a8914,34520563359
/resources,768,True,2,0,0,0,cd2d80098182be9fa7a2c49fc0aa347e931a8914,34520563359
/resources,1024,True,2,0,0,0,cd2d80098182be9fa7a2c49fc0aa347e931a8914,34520563359
/resources,1366,True,2,0,0,0,cd2d80098182be9fa7a2c49fc0aa347e931a8914,34520563359
/resources,1440,True,2,0,0,0,cd2d80098182be9fa7a2c49fc0aa347e931a8914,34520563359
/resources,1920,True,2,0,0,0,cd2d80098182be9fa7a2c49fc0aa347e931a8914,34520563359
/resources/ada-canyon-permit-flow,320,True,2,0,0,0,cd2d80098182be9fa7a2c49fc0aa347e931a8914,34520563359
/resources/ada-canyon-permit-flow,390,True,2,0,0,0,cd2d80098182be9fa7a2c49fc0aa347e931a8914,34520563359
/resources/ada-canyon-permit-flow,430,True,2,0,0,0,cd2d80098182be9fa7a2c49fc0aa347e931a8914,34520563359
/resources/ada-canyon-permit-flow,600,True,2,0,0,0,cd2d80098182be9fa7a2c49fc0aa347e931a8914,34520563359
/resources/ada-canyon-permit-flow,768,True,2,0,0,0,cd2d80098182be9fa7a2c49fc0aa347e931a8914,34520563359
/resources/ada-canyon-permit-flow,1024,True,2,0,0,0,cd2d80098182be9fa7a2c49fc0aa347e931a8914,34520563359
/resources/ada-canyon-permit-flow,1366,True,2,0,0,0,cd2d80098182be9fa7a2c49fc0aa347e931a8914,34520563359
/resources/ada-canyon-permit-flow,1440,True,2,0,0,0,cd2d80098182be9fa7a2c49fc0aa347e931a8914,34520563359
/resources/ada-canyon-permit-flow,1920,True,2,0,0,0,cd2d80098182be9fa7a2c49fc0aa347e931a8914,34520563359
/services,320,True,13,0,0,0,cd2d80098182be9fa7a2c49fc0aa347e931a8914,34520563359
/services,390,True,13,0,0,0,cd2d80098182be9fa7a2c49fc0aa347e931a8914,34520563359
/services,430,True,13,0,0,0,cd2d80098182be9fa7a2c49fc0aa347e931a8914,34520563359
/services,600,True,13,0,0,0,cd2d80098182be9fa7a2c49fc0aa347e931a8914,34520563359
/services,768,True,13,0,0,0,cd2d80098182be9fa7a2c49fc0aa347e931a8914,34520563359
/services,1024,True,13,0,0,0,cd2d80098182be9fa7a2c49fc0aa347e931a8914,34520563359
/services,1366,True,13,0,0,0,cd2d80098182be9fa7a2c49fc0aa347e931a8914,34520563359
/services,1440,True,13,0,0,0,cd2d80098182be9fa7a2c49fc0aa347e931a8914,34520563359
/services,1920,True,13,0,0,0,cd2d80098182be9fa7a2c49fc0aa347e931a8914,34520563359
/services/carpentry-trim-repair,320,True,5,0,0,0,cd2d80098182be9fa7a2c49fc0aa347e931a8914,34520563359
/services/carpentry-trim-repair,390,True,5,0,0,0,cd2d80098182be9fa7a2c49fc0aa347e931a8914,34520563359
/services/carpentry-trim-repair,430,True,5,0,0,0,cd2d80098182be9fa7a2c49fc0aa347e931a8914,34520563359
/services/carpentry-trim-repair,600,True,5,0,0,0,cd2d80098182be9fa7a2c49fc0aa347e931a8914,34520563359
/services/carpentry-trim-repair,768,True,5,0,0,0,cd2d80098182be9fa7a2c49fc0aa347e931a8914,34520563359
/services/carpentry-trim-repair,1024,True,5,0,0,0,cd2d80098182be9fa7a2c49fc0aa347e931a8914,34520563359
/services/carpentry-trim-repair,1366,True,5,0,0,0,cd2d80098182be9fa7a2c49fc0aa347e931a8914,34520563359
/services/carpentry-trim-repair,1440,True,5,0,0,0,cd2d80098182be9fa7a2c49fc0aa347e931a8914,34520563359
/services/carpentry-trim-repair,1920,True,5,0,0,0,cd2d80098182be9fa7a2c49fc0aa347e931a8914,34520563359
/services/carpentry-trim-repair/boise,320,True,5,0,0,0,cd2d80098182be9fa7a2c49fc0aa347e931a8914,34520563359
/services/carpentry-trim-repair/boise,390,True,5,0,0,0,cd2d80098182be9fa7a2c49fc0aa347e931a8914,34520563359
/services/carpentry-trim-repair/boise,430,True,5,0,0,0,cd2d80098182be9fa7a2c49fc0aa347e931a8914,34520563359
/services/carpentry-trim-repair/boise,600,True,5,0,0,0,cd2d80098182be9fa7a2c49fc0aa347e931a8914,34520563359
/services/carpentry-trim-repair/boise,768,True,5,0,0,0,cd2d80098182be9fa7a2c49fc0aa347e931a8914,34520563359
/services/carpentry-trim-repair/boise,1024,True,5,0,0,0,cd2d80098182be9fa7a2c49fc0aa347e931a8914,34520563359
/services/carpentry-trim-repair/boise,1366,True,5,0,0,0,cd2d80098182be9fa7a2c49fc0aa347e931a8914,34520563359
/services/carpentry-trim-repair/boise,1440,True,5,0,0,0,cd2d80098182be9fa7a2c49fc0aa347e931a8914,34520563359
/services/carpentry-trim-repair/boise,1920,True,5,0,0,0,cd2d80098182be9fa7a2c49fc0aa347e931a8914,34520563359
/services/carpentry-trim-repair/caldwell,320,True,5,0,0,0,cd2d80098182be9fa7a2c49fc0aa347e931a8914,34520563359
/services/carpentry-trim-repair/caldwell,390,True,5,0,0,0,cd2d80098182be9fa7a2c49fc0aa347e931a8914,34520563359
/services/carpentry-trim-repair/caldwell,430,True,5,0,0,0,cd2d80098182be9fa7a2c49fc0aa347e931a8914,34520563359
/services/carpentry-trim-repair/caldwell,600,True,5,0,0,0,cd2d80098182be9fa7a2c49fc0aa347e931a8914,34520563359
/services/carpentry-trim-repair/caldwell,768,True,5,0,0,0,cd2d80098182be9fa7a2c49fc0aa347e931a8914,34520563359
/services/carpentry-trim-repair/caldwell,1024,True,5,0,0,0,cd2d80098182be9fa7a2c49fc0aa347e931a8914,34520563359
/services/carpentry-trim-repair/caldwell,1366,True,5,0,0,0,cd2d80098182be9fa7a2c49fc0aa347e931a8914,34520563359
/services/carpentry-trim-repair/caldwell,1440,True,5,0,0,0,cd2d80098182be9fa7a2c49fc0aa347e931a8914,34520563359
/services/carpentry-trim-repair/caldwell,1920,True,5,0,0,0,cd2d80098182be9fa7a2c49fc0aa347e931a8914,34520563359
/services/carpentry-trim-repair/eagle,320,True,5,0,0,0,cd2d80098182be9fa7a2c49fc0aa347e931a8914,34520563359
/services/carpentry-trim-repair/eagle,390,True,5,0,0,0,cd2d80098182be9fa7a2c49fc0aa347e931a8914,34520563359
/services/carpentry-trim-repair/eagle,430,True,5,0,0,0,cd2d80098182be9fa7a2c49fc0aa347e931a8914,34520563359
/services/carpentry-trim-repair/eagle,600,True,5,0,0,0,cd2d80098182be9fa7a2c49fc0aa347e931a8914,34520563359
/services/carpentry-trim-repair/eagle,768,True,5,0,0,0,cd2d80098182be9fa7a2c49fc0aa347e931a8914,34520563359
/services/carpentry-trim-repair/eagle,1024,True,5,0,0,0,cd2d80098182be9fa7a2c49fc0aa347e931a8914,34520563359
/services/carpentry-trim-repair/eagle,1366,True,5,0,0,0,cd2d80098182be9fa7a2c49fc0aa347e931a8914,34520563359
/services/carpentry-trim-repair/eagle,1440,True,5,0,0,0,cd2d80098182be9fa7a2c49fc0aa347e931a8914,34520563359
/services/carpentry-trim-repair/eagle,1920,True,5,0,0,0,cd2d80098182be9fa7a2c49fc0aa347e931a8914,34520563359
/services/carpentry-trim-repair/garden-city,320,True,5,0,0,0,cd2d80098182be9fa7a2c49fc0aa347e931a8914,34520563359
/services/carpentry-trim-repair/garden-city,390,True,5,0,0,0,cd2d80098182be9fa7a2c49fc0aa347e931a8914,34520563359
/services/carpentry-trim-repair/garden-city,430,True,5,0,0,0,cd2d80098182be9fa7a2c49fc0aa347e931a8914,34520563359
/services/carpentry-trim-repair/garden-city,600,True,5,0,0,0,cd2d80098182be9fa7a2c49fc0aa347e931a8914,34520563359
/services/carpentry-trim-repair/garden-city,768,True,5,0,0,0,cd2d80098182be9fa7a2c49fc0aa347e931a8914,34520563359
/services/carpentry-trim-repair/garden-city,1024,True,5,0,0,0,cd2d80098182be9fa7a2c49fc0aa347e931a8914,34520563359
/services/carpentry-trim-repair/garden-city,1366,True,5,0,0,0,cd2d80098182be9fa7a2c49fc0aa347e931a8914,34520563359
/services/carpentry-trim-repair/garden-city,1440,True,5,0,0,0,cd2d80098182be9fa7a2c49fc0aa347e931a8914,34520563359
/services/carpentry-trim-repair/garden-city,1920,True,5,0,0,0,cd2d80098182be9fa7a2c49fc0aa347e931a8914,34520563359
/services/carpentry-trim-repair/kuna,320,True,5,0,0,0,cd2d80098182be9fa7a2c49fc0aa347e931a8914,34520563359
/services/carpentry-trim-repair/kuna,390,True,5,0,0,0,cd2d80098182be9fa7a2c49fc0aa347e931a8914,34520563359
/services/carpentry-trim-repair/kuna,430,True,5,0,0,0,cd2d80098182be9fa7a2c49fc0aa347e931a8914,34520563359
/services/carpentry-trim-repair/kuna,600,True,5,0,0,0,cd2d80098182be9fa7a2c49fc0aa347e931a8914,34520563359
/services/carpentry-trim-repair/kuna,768,True,5,0,0,0,cd2d80098182be9fa7a2c49fc0aa347e931a8914,34520563359
/services/carpentry-trim-repair/kuna,1024,True,5,0,0,0,cd2d80098182be9fa7a2c49fc0aa347e931a8914,34520563359
/services/carpentry-trim-repair/kuna,1366,True,5,0,0,0,cd2d80098182be9fa7a2c49fc0aa347e931a8914,34520563359
/services/carpentry-trim-repair/kuna,1440,True,5,0,0,0,cd2d80098182be9fa7a2c49fc0aa347e931a8914,34520563359
/services/carpentry-trim-repair/kuna,1920,True,5,0,0,0,cd2d80098182be9fa7a2c49fc0aa347e931a8914,34520563359
/services/carpentry-trim-repair/meridian,320,True,5,0,0,0,cd2d80098182be9fa7a2c49fc0aa347e931a8914,34520563359
/services/carpentry-trim-repair/meridian,390,True,5,0,0,0,cd2d80098182be9fa7a2c49fc0aa347e931a8914,34520563359
/services/carpentry-trim-repair/meridian,430,True,5,0,0,0,cd2d80098182be9fa7a2c49fc0aa347e931a8914,34520563359
/services/carpentry-trim-repair/meridian,600,True,5,0,0,0,cd2d80098182be9fa7a2c49fc0aa347e931a8914,34520563359
/services/carpentry-trim-repair/meridian,768,True,5,0,0,0,cd2d80098182be9fa7a2c49fc0aa347e931a8914,34520563359
/services/carpentry-trim-repair/meridian,1024,True,5,0,0,0,cd2d80098182be9fa7a2c49fc0aa347e931a8914,34520563359
/services/carpentry-trim-repair/meridian,1366,True,5,0,0,0,cd2d80098182be9fa7a2c49fc0aa347e931a8914,34520563359
/services/carpentry-trim-repair/meridian,1440,True,5,0,0,0,cd2d80098182be9fa7a2c49fc0aa347e931a8914,34520563359
/services/carpentry-trim-repair/meridian,1920,True,5,0,0,0,cd2d80098182be9fa7a2c49fc0aa347e931a8914,34520563359
/services/carpentry-trim-repair/middleton,320,True,5,0,0,0,cd2d80098182be9fa7a2c49fc0aa347e931a8914,34520563359
/services/carpentry-trim-repair/middleton,390,True,5,0,0,0,cd2d80098182be9fa7a2c49fc0aa347e931a8914,34520563359
/services/carpentry-trim-repair/middleton,430,True,5,0,0,0,cd2d80098182be9fa7a2c49fc0aa347e931a8914,34520563359
/services/carpentry-trim-repair/middleton,600,True,5,0,0,0,cd2d80098182be9fa7a2c49fc0aa347e931a8914,34520563359
/services/carpentry-trim-repair/middleton,768,True,5,0,0,0,cd2d80098182be9fa7a2c49fc0aa347e931a8914,34520563359
/services/carpentry-trim-repair/middleton,1024,True,5,0,0,0,cd2d80098182be9fa7a2c49fc0aa347e931a8914,34520563359
/services/carpentry-trim-repair/middleton,1366,True,5,0,0,0,cd2d80098182be9fa7a2c49fc0aa347e931a8914,34520563359
/services/carpentry-trim-repair/middleton,1440,True,5,0,0,0,cd2d80098182be9fa7a2c49fc0aa347e931a8914,34520563359
/services/carpentry-trim-repair/middleton,1920,True,5,0,0,0,cd2d80098182be9fa7a2c49fc0aa347e931a8914,34520563359
/services/carpentry-trim-repair/nampa,320,True,5,0,0,0,cd2d80098182be9fa7a2c49fc0aa347e931a8914,34520563359
/services/carpentry-trim-repair/nampa,390,True,5,0,0,0,cd2d80098182be9fa7a2c49fc0aa347e931a8914,34520563359
/services/carpentry-trim-repair/nampa,430,True,5,0,0,0,cd2d80098182be9fa7a2c49fc0aa347e931a8914,34520563359
/services/carpentry-trim-repair/nampa,600,True,5,0,0,0,cd2d80098182be9fa7a2c49fc0aa347e931a8914,34520563359
/services/carpentry-trim-repair/nampa,768,True,5,0,0,0,cd2d80098182be9fa7a2c49fc0aa347e931a8914,34520563359
/services/carpentry-trim-repair/nampa,1024,True,5,0,0,0,cd2d80098182be9fa7a2c49fc0aa347e931a8914,34520563359
/services/carpentry-trim-repair/nampa,1366,True,5,0,0,0,cd2d80098182be9fa7a2c49fc0aa347e931a8914,34520563359
/services/carpentry-trim-repair/nampa,1440,True,5,0,0,0,cd2d80098182be9fa7a2c49fc0aa347e931a8914,34520563359
/services/carpentry-trim-repair/nampa,1920,True,5,0,0,0,cd2d80098182be9fa7a2c49fc0aa347e931a8914,34520563359
/services/carpentry-trim-repair/star,320,True,5,0,0,0,cd2d80098182be9fa7a2c49fc0aa347e931a8914,34520563359
/services/carpentry-trim-repair/star,390,True,5,0,0,0,cd2d80098182be9fa7a2c49fc0aa347e931a8914,34520563359
/services/carpentry-trim-repair/star,430,True,5,0,0,0,cd2d80098182be9fa7a2c49fc0aa347e931a8914,34520563359
/services/carpentry-trim-repair/star,600,True,5,0,0,0,cd2d80098182be9fa7a2c49fc0aa347e931a8914,34520563359
/services/carpentry-trim-repair/star,768,True,5,0,0,0,cd2d80098182be9fa7a2c49fc0aa347e931a8914,34520563359
/services/carpentry-trim-repair/star,1024,True,5,0,0,0,cd2d80098182be9fa7a2c49fc0aa347e931a8914,34520563359
/services/carpentry-trim-repair/star,1366,True,5,0,0,0,cd2d80098182be9fa7a2c49fc0aa347e931a8914,34520563359
/services/carpentry-trim-repair/star,1440,True,5,0,0,0,cd2d80098182be9fa7a2c49fc0aa347e931a8914,34520563359
/services/carpentry-trim-repair/star,1920,True,5,0,0,0,cd2d80098182be9fa7a2c49fc0aa347e931a8914,34520563359
/services/drywall-repair,320,True,5,0,0,0,cd2d80098182be9fa7a2c49fc0aa347e931a8914,34520563359
/services/drywall-repair,390,True,5,0,0,0,cd2d80098182be9fa7a2c49fc0aa347e931a8914,34520563359
/services/drywall-repair,430,True,5,0,0,0,cd2d80098182be9fa7a2c49fc0aa347e931a8914,34520563359
/services/drywall-repair,600,True,5,0,0,0,cd2d80098182be9fa7a2c49fc0aa347e931a8914,34520563359
/services/drywall-repair,768,True,5,0,0,0,cd2d80098182be9fa7a2c49fc0aa347e931a8914,34520563359
/services/drywall-repair,1024,True,5,0,0,0,cd2d80098182be9fa7a2c49fc0aa347e931a8914,34520563359
/services/drywall-repair,1366,True,5,0,0,0,cd2d80098182be9fa7a2c49fc0aa347e931a8914,34520563359
/services/drywall-repair,1440,True,5,0,0,0,cd2d80098182be9fa7a2c49fc0aa347e931a8914,34520563359
/services/drywall-repair,1920,True,5,0,0,0,cd2d80098182be9fa7a2c49fc0aa347e931a8914,34520563359
/services/drywall-repair/boise,320,True,5,0,0,0,cd2d80098182be9fa7a2c49fc0aa347e931a8914,34520563359
/services/drywall-repair/boise,390,True,5,0,0,0,cd2d80098182be9fa7a2c49fc0aa347e931a8914,34520563359
/services/drywall-repair/boise,430,True,5,0,0,0,cd2d80098182be9fa7a2c49fc0aa347e931a8914,34520563359
/services/drywall-repair/boise,600,True,5,0,0,0,cd2d80098182be9fa7a2c49fc0aa347e931a8914,34520563359
/services/drywall-repair/boise,768,True,5,0,0,0,cd2d80098182be9fa7a2c49fc0aa347e931a8914,34520563359
/services/drywall-repair/boise,1024,True,5,0,0,0,cd2d80098182be9fa7a2c49fc0aa347e931a8914,34520563359
/services/drywall-repair/boise,1366,True,5,0,0,0,cd2d80098182be9fa7a2c49fc0aa347e931a8914,34520563359
/services/drywall-repair/boise,1440,True,5,0,0,0,cd2d80098182be9fa7a2c49fc0aa347e931a8914,34520563359
/services/drywall-repair/boise,1920,True,5,0,0,0,cd2d80098182be9fa7a2c49fc0aa347e931a8914,34520563359
/services/drywall-repair/caldwell,320,True,5,0,0,0,6c5a9a22fd8f42af386d2f65a4d37ec15955f459,34522530177
/services/drywall-repair/caldwell,390,True,5,0,0,0,6c5a9a22fd8f42af386d2f65a4d37ec15955f459,34522530177
/services/drywall-repair/caldwell,430,True,5,0,0,0,6c5a9a22fd8f42af386d2f65a4d37ec15955f459,34522530177
/services/drywall-repair/caldwell,600,True,5,0,0,0,6c5a9a22fd8f42af386d2f65a4d37ec15955f459,34522530177
/services/drywall-repair/caldwell,768,True,5,0,0,0,6c5a9a22fd8f42af386d2f65a4d37ec15955f459,34522530177
/services/drywall-repair/caldwell,1024,True,5,0,0,0,6c5a9a22fd8f42af386d2f65a4d37ec15955f459,34522530177
/services/drywall-repair/caldwell,1366,True,5,0,0,0,6c5a9a22fd8f42af386d2f65a4d37ec15955f459,34522530177
/services/drywall-repair/caldwell,1440,True,5,0,0,0,6c5a9a22fd8f42af386d2f65a4d37ec15955f459,34522530177
/services/drywall-repair/caldwell,1920,True,5,0,0,0,6c5a9a22fd8f42af386d2f65a4d37ec15955f459,34522530177
/services/drywall-repair/eagle,320,True,5,0,0,0,cd2d80098182be9fa7a2c49fc0aa347e931a8914,34520563359
/services/drywall-repair/eagle,390,True,5,0,0,0,cd2d80098182be9fa7a2c49fc0aa347e931a8914,34520563359
/services/drywall-repair/eagle,430,True,5,0,0,0,cd2d80098182be9fa7a2c49fc0aa347e931a8914,34520563359
/services/drywall-repair/eagle,600,True,5,0,0,0,cd2d80098182be9fa7a2c49fc0aa347e931a8914,34520563359
/services/drywall-repair/eagle,768,True,5,0,0,0,cd2d80098182be9fa7a2c49fc0aa347e931a8914,34520563359
/services/drywall-repair/eagle,1024,True,5,0,0,0,cd2d80098182be9fa7a2c49fc0aa347e931a8914,34520563359
/services/drywall-repair/eagle,1366,True,5,0,0,0,cd2d80098182be9fa7a2c49fc0aa347e931a8914,34520563359
/services/drywall-repair/eagle,1440,True,5,0,0,0,cd2d80098182be9fa7a2c49fc0aa347e931a8914,34520563359
/services/drywall-repair/eagle,1920,True,5,0,0,0,cd2d80098182be9fa7a2c49fc0aa347e931a8914,34520563359
/services/drywall-repair/garden-city,320,True,5,0,0,0,cd2d80098182be9fa7a2c49fc0aa347e931a8914,34520563359
/services/drywall-repair/garden-city,390,True,5,0,0,0,cd2d80098182be9fa7a2c49fc0aa347e931a8914,34520563359
/services/drywall-repair/garden-city,430,True,5,0,0,0,cd2d80098182be9fa7a2c49fc0aa347e931a8914,34520563359
/services/drywall-repair/garden-city,600,True,5,0,0,0,cd2d80098182be9fa7a2c49fc0aa347e931a8914,34520563359
/services/drywall-repair/garden-city,768,True,5,0,0,0,cd2d80098182be9fa7a2c49fc0aa347e931a8914,34520563359
/services/drywall-repair/garden-city,1024,True,5,0,0,0,cd2d80098182be9fa7a2c49fc0aa347e931a8914,34520563359
/services/drywall-repair/garden-city,1366,True,5,0,0,0,cd2d80098182be9fa7a2c49fc0aa347e931a8914,34520563359
/services/drywall-repair/garden-city,1440,True,5,0,0,0,cd2d80098182be9fa7a2c49fc0aa347e931a8914,34520563359
/services/drywall-repair/garden-city,1920,True,5,0,0,0,cd2d80098182be9fa7a2c49fc0aa347e931a8914,34520563359
/services/drywall-repair/kuna,320,True,5,0,0,0,cd2d80098182be9fa7a2c49fc0aa347e931a8914,34520563359
/services/drywall-repair/kuna,390,True,5,0,0,0,cd2d80098182be9fa7a2c49fc0aa347e931a8914,34520563359
/services/drywall-repair/kuna,430,True,5,0,0,0,cd2d80098182be9fa7a2c49fc0aa347e931a8914,34520563359
/services/drywall-repair/kuna,600,True,5,0,0,0,cd2d80098182be9fa7a2c49fc0aa347e931a8914,34520563359
/services/drywall-repair/kuna,768,True,5,0,0,0,cd2d80098182be9fa7a2c49fc0aa347e931a8914,34520563359
/services/drywall-repair/kuna,1024,True,5,0,0,0,cd2d80098182be9fa7a2c49fc0aa347e931a8914,34520563359
/services/drywall-repair/kuna,1366,True,5,0,0,0,cd2d80098182be9fa7a2c49fc0aa347e931a8914,34520563359
/services/drywall-repair/kuna,1440,True,5,0,0,0,cd2d80098182be9fa7a2c49fc0aa347e931a8914,34520563359
/services/drywall-repair/kuna,1920,True,5,0,0,0,cd2d80098182be9fa7a2c49fc0aa347e931a8914,34520563359
/services/drywall-repair/meridian,320,True,5,0,0,0,cd2d80098182be9fa7a2c49fc0aa347e931a8914,34520563359
/services/drywall-repair/meridian,390,True,5,0,0,0,cd2d80098182be9fa7a2c49fc0aa347e931a8914,34520563359
/services/drywall-repair/meridian,430,True,5,0,0,0,cd2d80098182be9fa7a2c49fc0aa347e931a8914,34520563359
/services/drywall-repair/meridian,600,True,5,0,0,0,cd2d80098182be9fa7a2c49fc0aa347e931a8914,34520563359
/services/drywall-repair/meridian,768,True,5,0,0,0,cd2d80098182be9fa7a2c49fc0aa347e931a8914,34520563359
/services/drywall-repair/meridian,1024,True,5,0,0,0,cd2d80098182be9fa7a2c49fc0aa347e931a8914,34520563359
/services/drywall-repair/meridian,1366,True,5,0,0,0,cd2d80098182be9fa7a2c49fc0aa347e931a8914,34520563359
/services/drywall-repair/meridian,1440,True,5,0,0,0,cd2d80098182be9fa7a2c49fc0aa347e931a8914,34520563359
/services/drywall-repair/meridian,1920,True,5,0,0,0,cd2d80098182be9fa7a2c49fc0aa347e931a8914,34520563359
/services/drywall-repair/middleton,320,True,5,0,0,0,cd2d80098182be9fa7a2c49fc0aa347e931a8914,34520563359
/services/drywall-repair/middleton,390,True,5,0,0,0,cd2d80098182be9fa7a2c49fc0aa347e931a8914,34520563359
/services/drywall-repair/middleton,430,True,5,0,0,0,cd2d80098182be9fa7a2c49fc0aa347e931a8914,34520563359
/services/drywall-repair/middleton,600,True,5,0,0,0,cd2d80098182be9fa7a2c49fc0aa347e931a8914,34520563359
/services/drywall-repair/middleton,768,True,5,0,0,0,cd2d80098182be9fa7a2c49fc0aa347e931a8914,34520563359
/services/drywall-repair/middleton,1024,True,5,0,0,0,cd2d80098182be9fa7a2c49fc0aa347e931a8914,34520563359
/services/drywall-repair/middleton,1366,True,5,0,0,0,cd2d80098182be9fa7a2c49fc0aa347e931a8914,34520563359
/services/drywall-repair/middleton,1440,True,5,0,0,0,cd2d80098182be9fa7a2c49fc0aa347e931a8914,34520563359
/services/drywall-repair/middleton,1920,True,5,0,0,0,cd2d80098182be9fa7a2c49fc0aa347e931a8914,34520563359
/services/drywall-repair/nampa,320,True,5,0,0,0,cd2d80098182be9fa7a2c49fc0aa347e931a8914,34520563359
/services/drywall-repair/nampa,390,True,5,0,0,0,cd2d80098182be9fa7a2c49fc0aa347e931a8914,34520563359
/services/drywall-repair/nampa,430,True,5,0,0,0,cd2d80098182be9fa7a2c49fc0aa347e931a8914,34520563359
/services/drywall-repair/nampa,600,True,5,0,0,0,cd2d80098182be9fa7a2c49fc0aa347e931a8914,34520563359
/services/drywall-repair/nampa,768,True,5,0,0,0,cd2d80098182be9fa7a2c49fc0aa347e931a8914,34520563359
/services/drywall-repair/nampa,1024,True,5,0,0,0,cd2d80098182be9fa7a2c49fc0aa347e931a8914,34520563359
/services/drywall-repair/nampa,1366,True,5,0,0,0,cd2d80098182be9fa7a2c49fc0aa347e931a8914,34520563359
/services/drywall-repair/nampa,1440,True,5,0,0,0,cd2d80098182be9fa7a2c49fc0aa347e931a8914,34520563359
/services/drywall-repair/nampa,1920,True,5,0,0,0,cd2d80098182be9fa7a2c49fc0aa347e931a8914,34520563359
/services/drywall-repair/star,320,True,5,0,0,0,cd2d80098182be9fa7a2c49fc0aa347e931a8914,34520563359
/services/drywall-repair/star,390,True,5,0,0,0,cd2d80098182be9fa7a2c49fc0aa347e931a8914,34520563359
/services/drywall-repair/star,430,True,5,0,0,0,cd2d80098182be9fa7a2c49fc0aa347e931a8914,34520563359
/services/drywall-repair/star,600,True,5,0,0,0,cd2d80098182be9fa7a2c49fc0aa347e931a8914,34520563359
/services/drywall-repair/star,768,True,5,0,0,0,cd2d80098182be9fa7a2c49fc0aa347e931a8914,34520563359
/services/drywall-repair/star,1024,True,5,0,0,0,cd2d80098182be9fa7a2c49fc0aa347e931a8914,34520563359
/services/drywall-repair/star,1366,True,5,0,0,0,cd2d80098182be9fa7a2c49fc0aa347e931a8914,34520563359
/services/drywall-repair/star,1440,True,5,0,0,0,cd2d80098182be9fa7a2c49fc0aa347e931a8914,34520563359
/services/drywall-repair/star,1920,True,5,0,0,0,cd2d80098182be9fa7a2c49fc0aa347e931a8914,34520563359
/services/electrical-repairs,320,True,5,0,0,0,cd2d80098182be9fa7a2c49fc0aa347e931a8914,34520563359
/services/electrical-repairs,390,True,5,0,0,0,cd2d80098182be9fa7a2c49fc0aa347e931a8914,34520563359
/services/electrical-repairs,430,True,5,0,0,0,cd2d80098182be9fa7a2c49fc0aa347e931a8914,34520563359
/services/electrical-repairs,600,True,5,0,0,0,cd2d80098182be9fa7a2c49fc0aa347e931a8914,34520563359
/services/electrical-repairs,768,True,5,0,0,0,cd2d80098182be9fa7a2c49fc0aa347e931a8914,34520563359
/services/electrical-repairs,1024,True,5,0,0,0,cd2d80098182be9fa7a2c49fc0aa347e931a8914,34520563359
/services/electrical-repairs,1366,True,5,0,0,0,cd2d80098182be9fa7a2c49fc0aa347e931a8914,34520563359
/services/electrical-repairs,1440,True,5,0,0,0,cd2d80098182be9fa7a2c49fc0aa347e931a8914,34520563359
/services/electrical-repairs,1920,True,5,0,0,0,cd2d80098182be9fa7a2c49fc0aa347e931a8914,34520563359
/services/electrical-repairs/boise,320,True,5,0,0,0,cd2d80098182be9fa7a2c49fc0aa347e931a8914,34520563359
/services/electrical-repairs/boise,390,True,5,0,0,0,cd2d80098182be9fa7a2c49fc0aa347e931a8914,34520563359
/services/electrical-repairs/boise,430,True,5,0,0,0,cd2d80098182be9fa7a2c49fc0aa347e931a8914,34520563359
/services/electrical-repairs/boise,600,True,5,0,0,0,cd2d80098182be9fa7a2c49fc0aa347e931a8914,34520563359
/services/electrical-repairs/boise,768,True,5,0,0,0,cd2d80098182be9fa7a2c49fc0aa347e931a8914,34520563359
/services/electrical-repairs/boise,1024,True,5,0,0,0,cd2d80098182be9fa7a2c49fc0aa347e931a8914,34520563359
/services/electrical-repairs/boise,1366,True,5,0,0,0,cd2d80098182be9fa7a2c49fc0aa347e931a8914,34520563359
/services/electrical-repairs/boise,1440,True,5,0,0,0,cd2d80098182be9fa7a2c49fc0aa347e931a8914,34520563359
/services/electrical-repairs/boise,1920,True,5,0,0,0,cd2d80098182be9fa7a2c49fc0aa347e931a8914,34520563359
/services/electrical-repairs/caldwell,320,True,5,0,0,0,cd2d80098182be9fa7a2c49fc0aa347e931a8914,34520563359
/services/electrical-repairs/caldwell,390,True,5,0,0,0,cd2d80098182be9fa7a2c49fc0aa347e931a8914,34520563359
/services/electrical-repairs/caldwell,430,True,5,0,0,0,cd2d80098182be9fa7a2c49fc0aa347e931a8914,34520563359
/services/electrical-repairs/caldwell,600,True,5,0,0,0,cd2d80098182be9fa7a2c49fc0aa347e931a8914,34520563359
/services/electrical-repairs/caldwell,768,True,5,0,0,0,cd2d80098182be9fa7a2c49fc0aa347e931a8914,34520563359
/services/electrical-repairs/caldwell,1024,True,5,0,0,0,cd2d80098182be9fa7a2c49fc0aa347e931a8914,34520563359
/services/electrical-repairs/caldwell,1366,True,5,0,0,0,cd2d80098182be9fa7a2c49fc0aa347e931a8914,34520563359
/services/electrical-repairs/caldwell,1440,True,5,0,0,0,cd2d80098182be9fa7a2c49fc0aa347e931a8914,34520563359
/services/electrical-repairs/caldwell,1920,True,5,0,0,0,cd2d80098182be9fa7a2c49fc0aa347e931a8914,34520563359
/services/electrical-repairs/eagle,320,True,5,0,0,0,cd2d80098182be9fa7a2c49fc0aa347e931a8914,34520563359
/services/electrical-repairs/eagle,390,True,5,0,0,0,cd2d80098182be9fa7a2c49fc0aa347e931a8914,34520563359
/services/electrical-repairs/eagle,430,True,5,0,0,0,cd2d80098182be9fa7a2c49fc0aa347e931a8914,34520563359
/services/electrical-repairs/eagle,600,True,5,0,0,0,cd2d80098182be9fa7a2c49fc0aa347e931a8914,34520563359
/services/electrical-repairs/eagle,768,True,5,0,0,0,cd2d80098182be9fa7a2c49fc0aa347e931a8914,34520563359
/services/electrical-repairs/eagle,1024,True,5,0,0,0,cd2d80098182be9fa7a2c49fc0aa347e931a8914,34520563359
/services/electrical-repairs/eagle,1366,True,5,0,0,0,cd2d80098182be9fa7a2c49fc0aa347e931a8914,34520563359
/services/electrical-repairs/eagle,1440,True,5,0,0,0,cd2d80098182be9fa7a2c49fc0aa347e931a8914,34520563359
/services/electrical-repairs/eagle,1920,True,5,0,0,0,cd2d80098182be9fa7a2c49fc0aa347e931a8914,34520563359
/services/electrical-repairs/garden-city,320,True,5,0,0,0,cd2d80098182be9fa7a2c49fc0aa347e931a8914,34520563359
/services/electrical-repairs/garden-city,390,True,5,0,0,0,cd2d80098182be9fa7a2c49fc0aa347e931a8914,34520563359
/services/electrical-repairs/garden-city,430,True,5,0,0,0,cd2d80098182be9fa7a2c49fc0aa347e931a8914,34520563359
/services/electrical-repairs/garden-city,600,True,5,0,0,0,cd2d80098182be9fa7a2c49fc0aa347e931a8914,34520563359
/services/electrical-repairs/garden-city,768,True,5,0,0,0,cd2d80098182be9fa7a2c49fc0aa347e931a8914,34520563359
/services/electrical-repairs/garden-city,1024,True,5,0,0,0,cd2d80098182be9fa7a2c49fc0aa347e931a8914,34520563359
/services/electrical-repairs/garden-city,1366,True,5,0,0,0,cd2d80098182be9fa7a2c49fc0aa347e931a8914,34520563359
/services/electrical-repairs/garden-city,1440,True,5,0,0,0,cd2d80098182be9fa7a2c49fc0aa347e931a8914,34520563359
/services/electrical-repairs/garden-city,1920,True,5,0,0,0,cd2d80098182be9fa7a2c49fc0aa347e931a8914,34520563359
/services/electrical-repairs/kuna,320,True,5,0,0,0,cd2d80098182be9fa7a2c49fc0aa347e931a8914,34520563359
/services/electrical-repairs/kuna,390,True,5,0,0,0,cd2d80098182be9fa7a2c49fc0aa347e931a8914,34520563359
/services/electrical-repairs/kuna,430,True,5,0,0,0,cd2d80098182be9fa7a2c49fc0aa347e931a8914,34520563359
/services/electrical-repairs/kuna,600,True,5,0,0,0,cd2d80098182be9fa7a2c49fc0aa347e931a8914,34520563359
/services/electrical-repairs/kuna,768,True,5,0,0,0,cd2d80098182be9fa7a2c49fc0aa347e931a8914,34520563359
/services/electrical-repairs/kuna,1024,True,5,0,0,0,cd2d80098182be9fa7a2c49fc0aa347e931a8914,34520563359
/services/electrical-repairs/kuna,1366,True,5,0,0,0,cd2d80098182be9fa7a2c49fc0aa347e931a8914,34520563359
/services/electrical-repairs/kuna,1440,True,5,0,0,0,cd2d80098182be9fa7a2c49fc0aa347e931a8914,34520563359
/services/electrical-repairs/kuna,1920,True,5,0,0,0,cd2d80098182be9fa7a2c49fc0aa347e931a8914,34520563359
/services/electrical-repairs/meridian,320,True,5,0,0,0,cd2d80098182be9fa7a2c49fc0aa347e931a8914,34520563359
/services/electrical-repairs/meridian,390,True,5,0,0,0,cd2d80098182be9fa7a2c49fc0aa347e931a8914,34520563359
/services/electrical-repairs/meridian,430,True,5,0,0,0,cd2d80098182be9fa7a2c49fc0aa347e931a8914,34520563359
/services/electrical-repairs/meridian,600,True,5,0,0,0,cd2d80098182be9fa7a2c49fc0aa347e931a8914,34520563359
/services/electrical-repairs/meridian,768,True,5,0,0,0,cd2d80098182be9fa7a2c49fc0aa347e931a8914,34520563359
/services/electrical-repairs/meridian,1024,True,5,0,0,0,cd2d80098182be9fa7a2c49fc0aa347e931a8914,34520563359
/services/electrical-repairs/meridian,1366,True,5,0,0,0,cd2d80098182be9fa7a2c49fc0aa347e931a8914,34520563359
/services/electrical-repairs/meridian,1440,True,5,0,0,0,cd2d80098182be9fa7a2c49fc0aa347e931a8914,34520563359
/services/electrical-repairs/meridian,1920,True,5,0,0,0,cd2d80098182be9fa7a2c49fc0aa347e931a8914,34520563359
/services/electrical-repairs/middleton,320,True,5,0,0,0,cd2d80098182be9fa7a2c49fc0aa347e931a8914,34520563359
/services/electrical-repairs/middleton,390,True,5,0,0,0,cd2d80098182be9fa7a2c49fc0aa347e931a8914,34520563359
/services/electrical-repairs/middleton,430,True,5,0,0,0,cd2d80098182be9fa7a2c49fc0aa347e931a8914,34520563359
/services/electrical-repairs/middleton,600,True,5,0,0,0,cd2d80098182be9fa7a2c49fc0aa347e931a8914,34520563359
/services/electrical-repairs/middleton,768,True,5,0,0,0,cd2d80098182be9fa7a2c49fc0aa347e931a8914,34520563359
/services/electrical-repairs/middleton,1024,True,5,0,0,0,cd2d80098182be9fa7a2c49fc0aa347e931a8914,34520563359
/services/electrical-repairs/middleton,1366,True,5,0,0,0,cd2d80098182be9fa7a2c49fc0aa347e931a8914,34520563359
/services/electrical-repairs/middleton,1440,True,5,0,0,0,cd2d80098182be9fa7a2c49fc0aa347e931a8914,34520563359
/services/electrical-repairs/middleton,1920,True,5,0,0,0,cd2d80098182be9fa7a2c49fc0aa347e931a8914,34520563359
/services/electrical-repairs/nampa,320,True,5,0,0,0,cd2d80098182be9fa7a2c49fc0aa347e931a8914,34520563359
/services/electrical-repairs/nampa,390,True,5,0,0,0,cd2d80098182be9fa7a2c49fc0aa347e931a8914,34520563359
/services/electrical-repairs/nampa,430,True,5,0,0,0,cd2d80098182be9fa7a2c49fc0aa347e931a8914,34520563359
/services/electrical-repairs/nampa,600,True,5,0,0,0,cd2d80098182be9fa7a2c49fc0aa347e931a8914,34520563359
/services/electrical-repairs/nampa,768,True,5,0,0,0,cd2d80098182be9fa7a2c49fc0aa347e931a8914,34520563359
/services/electrical-repairs/nampa,1024,True,5,0,0,0,cd2d80098182be9fa7a2c49fc0aa347e931a8914,34520563359
/services/electrical-repairs/nampa,1366,True,5,0,0,0,cd2d80098182be9fa7a2c49fc0aa347e931a8914,34520563359
/services/electrical-repairs/nampa,1440,True,5,0,0,0,cd2d80098182be9fa7a2c49fc0aa347e931a8914,34520563359
/services/electrical-repairs/nampa,1920,True,5,0,0,0,cd2d80098182be9fa7a2c49fc0aa347e931a8914,34520563359
/services/electrical-repairs/star,320,True,5,0,0,0,cd2d80098182be9fa7a2c49fc0aa347e931a8914,34520563359
/services/electrical-repairs/star,390,True,5,0,0,0,cd2d80098182be9fa7a2c49fc0aa347e931a8914,34520563359
/services/electrical-repairs/star,430,True,5,0,0,0,cd2d80098182be9fa7a2c49fc0aa347e931a8914,34520563359
/services/electrical-repairs/star,600,True,5,0,0,0,cd2d80098182be9fa7a2c49fc0aa347e931a8914,34520563359
/services/electrical-repairs/star,768,True,5,0,0,0,cd2d80098182be9fa7a2c49fc0aa347e931a8914,34520563359
/services/electrical-repairs/star,1024,True,5,0,0,0,cd2d80098182be9fa7a2c49fc0aa347e931a8914,34520563359
/services/electrical-repairs/star,1366,True,5,0,0,0,cd2d80098182be9fa7a2c49fc0aa347e931a8914,34520563359
/services/electrical-repairs/star,1440,True,5,0,0,0,cd2d80098182be9fa7a2c49fc0aa347e931a8914,34520563359
/services/electrical-repairs/star,1920,True,5,0,0,0,cd2d80098182be9fa7a2c49fc0aa347e931a8914,34520563359
/services/fence-deck-gutter-repair,320,True,5,0,0,0,cd2d80098182be9fa7a2c49fc0aa347e931a8914,34520563359
/services/fence-deck-gutter-repair,390,True,5,0,0,0,cd2d80098182be9fa7a2c49fc0aa347e931a8914,34520563359
/services/fence-deck-gutter-repair,430,True,5,0,0,0,cd2d80098182be9fa7a2c49fc0aa347e931a8914,34520563359
/services/fence-deck-gutter-repair,600,True,5,0,0,0,cd2d80098182be9fa7a2c49fc0aa347e931a8914,34520563359
/services/fence-deck-gutter-repair,768,True,5,0,0,0,cd2d80098182be9fa7a2c49fc0aa347e931a8914,34520563359
/services/fence-deck-gutter-repair,1024,True,5,0,0,0,cd2d80098182be9fa7a2c49fc0aa347e931a8914,34520563359
/services/fence-deck-gutter-repair,1366,True,5,0,0,0,cd2d80098182be9fa7a2c49fc0aa347e931a8914,34520563359
/services/fence-deck-gutter-repair,1440,True,5,0,0,0,cd2d80098182be9fa7a2c49fc0aa347e931a8914,34520563359
/services/fence-deck-gutter-repair,1920,True,5,0,0,0,cd2d80098182be9fa7a2c49fc0aa347e931a8914,34520563359
/services/fence-deck-gutter-repair/boise,320,True,5,0,0,0,cd2d80098182be9fa7a2c49fc0aa347e931a8914,34520563359
/services/fence-deck-gutter-repair/boise,390,True,5,0,0,0,cd2d80098182be9fa7a2c49fc0aa347e931a8914,34520563359
/services/fence-deck-gutter-repair/boise,430,True,5,0,0,0,cd2d80098182be9fa7a2c49fc0aa347e931a8914,34520563359
/services/fence-deck-gutter-repair/boise,600,True,5,0,0,0,cd2d80098182be9fa7a2c49fc0aa347e931a8914,34520563359
/services/fence-deck-gutter-repair/boise,768,True,5,0,0,0,cd2d80098182be9fa7a2c49fc0aa347e931a8914,34520563359
/services/fence-deck-gutter-repair/boise,1024,True,5,0,0,0,cd2d80098182be9fa7a2c49fc0aa347e931a8914,34520563359
/services/fence-deck-gutter-repair/boise,1366,True,5,0,0,0,cd2d80098182be9fa7a2c49fc0aa347e931a8914,34520563359
/services/fence-deck-gutter-repair/boise,1440,True,5,0,0,0,cd2d80098182be9fa7a2c49fc0aa347e931a8914,34520563359
/services/fence-deck-gutter-repair/boise,1920,True,5,0,0,0,cd2d80098182be9fa7a2c49fc0aa347e931a8914,34520563359
/services/fence-deck-gutter-repair/caldwell,320,True,5,0,0,0,cd2d80098182be9fa7a2c49fc0aa347e931a8914,34520563359
/services/fence-deck-gutter-repair/caldwell,390,True,5,0,0,0,cd2d80098182be9fa7a2c49fc0aa347e931a8914,34520563359
/services/fence-deck-gutter-repair/caldwell,430,True,5,0,0,0,cd2d80098182be9fa7a2c49fc0aa347e931a8914,34520563359
/services/fence-deck-gutter-repair/caldwell,600,True,5,0,0,0,cd2d80098182be9fa7a2c49fc0aa347e931a8914,34520563359
/services/fence-deck-gutter-repair/caldwell,768,True,5,0,0,0,cd2d80098182be9fa7a2c49fc0aa347e931a8914,34520563359
/services/fence-deck-gutter-repair/caldwell,1024,True,5,0,0,0,cd2d80098182be9fa7a2c49fc0aa347e931a8914,34520563359
/services/fence-deck-gutter-repair/caldwell,1366,True,5,0,0,0,cd2d80098182be9fa7a2c49fc0aa347e931a8914,34520563359
/services/fence-deck-gutter-repair/caldwell,1440,True,5,0,0,0,cd2d80098182be9fa7a2c49fc0aa347e931a8914,34520563359
/services/fence-deck-gutter-repair/caldwell,1920,True,5,0,0,0,cd2d80098182be9fa7a2c49fc0aa347e931a8914,34520563359
/services/fence-deck-gutter-repair/eagle,320,True,5,0,0,0,cd2d80098182be9fa7a2c49fc0aa347e931a8914,34520563359
/services/fence-deck-gutter-repair/eagle,390,True,5,0,0,0,cd2d80098182be9fa7a2c49fc0aa347e931a8914,34520563359
/services/fence-deck-gutter-repair/eagle,430,True,5,0,0,0,cd2d80098182be9fa7a2c49fc0aa347e931a8914,34520563359
/services/fence-deck-gutter-repair/eagle,600,True,5,0,0,0,cd2d80098182be9fa7a2c49fc0aa347e931a8914,34520563359
/services/fence-deck-gutter-repair/eagle,768,True,5,0,0,0,cd2d80098182be9fa7a2c49fc0aa347e931a8914,34520563359
/services/fence-deck-gutter-repair/eagle,1024,True,5,0,0,0,cd2d80098182be9fa7a2c49fc0aa347e931a8914,34520563359
/services/fence-deck-gutter-repair/eagle,1366,True,5,0,0,0,cd2d80098182be9fa7a2c49fc0aa347e931a8914,34520563359
/services/fence-deck-gutter-repair/eagle,1440,True,5,0,0,0,cd2d80098182be9fa7a2c49fc0aa347e931a8914,34520563359
/services/fence-deck-gutter-repair/eagle,1920,True,5,0,0,0,cd2d80098182be9fa7a2c49fc0aa347e931a8914,34520563359
/services/fence-deck-gutter-repair/garden-city,320,True,5,0,0,0,cd2d80098182be9fa7a2c49fc0aa347e931a8914,34520563359
/services/fence-deck-gutter-repair/garden-city,390,True,5,0,0,0,cd2d80098182be9fa7a2c49fc0aa347e931a8914,34520563359
/services/fence-deck-gutter-repair/garden-city,430,True,5,0,0,0,cd2d80098182be9fa7a2c49fc0aa347e931a8914,34520563359
/services/fence-deck-gutter-repair/garden-city,600,True,5,0,0,0,cd2d80098182be9fa7a2c49fc0aa347e931a8914,34520563359
/services/fence-deck-gutter-repair/garden-city,768,True,5,0,0,0,cd2d80098182be9fa7a2c49fc0aa347e931a8914,34520563359
/services/fence-deck-gutter-repair/garden-city,1024,True,5,0,0,0,cd2d80098182be9fa7a2c49fc0aa347e931a8914,34520563359
/services/fence-deck-gutter-repair/garden-city,1366,True,5,0,0,0,cd2d80098182be9fa7a2c49fc0aa347e931a8914,34520563359
/services/fence-deck-gutter-repair/garden-city,1440,True,5,0,0,0,cd2d80098182be9fa7a2c49fc0aa347e931a8914,34520563359
/services/fence-deck-gutter-repair/garden-city,1920,True,5,0,0,0,cd2d80098182be9fa7a2c49fc0aa347e931a8914,34520563359
/services/fence-deck-gutter-repair/kuna,320,True,5,0,0,0,cd2d80098182be9fa7a2c49fc0aa347e931a8914,34520563359
/services/fence-deck-gutter-repair/kuna,390,True,5,0,0,0,cd2d80098182be9fa7a2c49fc0aa347e931a8914,34520563359
/services/fence-deck-gutter-repair/kuna,430,True,5,0,0,0,cd2d80098182be9fa7a2c49fc0aa347e931a8914,34520563359
/services/fence-deck-gutter-repair/kuna,600,True,5,0,0,0,cd2d80098182be9fa7a2c49fc0aa347e931a8914,34520563359
/services/fence-deck-gutter-repair/kuna,768,True,5,0,0,0,cd2d80098182be9fa7a2c49fc0aa347e931a8914,34520563359
/services/fence-deck-gutter-repair/kuna,1024,True,5,0,0,0,cd2d80098182be9fa7a2c49fc0aa347e931a8914,34520563359
/services/fence-deck-gutter-repair/kuna,1366,True,5,0,0,0,cd2d80098182be9fa7a2c49fc0aa347e931a8914,34520563359
/services/fence-deck-gutter-repair/kuna,1440,True,5,0,0,0,cd2d80098182be9fa7a2c49fc0aa347e931a8914,34520563359
/services/fence-deck-gutter-repair/kuna,1920,True,5,0,0,0,cd2d80098182be9fa7a2c49fc0aa347e931a8914,34520563359
/services/fence-deck-gutter-repair/meridian,320,True,5,0,0,0,cd2d80098182be9fa7a2c49fc0aa347e931a8914,34520563359
/services/fence-deck-gutter-repair/meridian,390,True,5,0,0,0,cd2d80098182be9fa7a2c49fc0aa347e931a8914,34520563359
/services/fence-deck-gutter-repair/meridian,430,True,5,0,0,0,cd2d80098182be9fa7a2c49fc0aa347e931a8914,34520563359
/services/fence-deck-gutter-repair/meridian,600,True,5,0,0,0,cd2d80098182be9fa7a2c49fc0aa347e931a8914,34520563359
/services/fence-deck-gutter-repair/meridian,768,True,5,0,0,0,cd2d80098182be9fa7a2c49fc0aa347e931a8914,34520563359
/services/fence-deck-gutter-repair/meridian,1024,True,5,0,0,0,cd2d80098182be9fa7a2c49fc0aa347e931a8914,34520563359
/services/fence-deck-gutter-repair/meridian,1366,True,5,0,0,0,cd2d80098182be9fa7a2c49fc0aa347e931a8914,34520563359
/services/fence-deck-gutter-repair/meridian,1440,True,5,0,0,0,cd2d80098182be9fa7a2c49fc0aa347e931a8914,34520563359
/services/fence-deck-gutter-repair/meridian,1920,True,5,0,0,0,cd2d80098182be9fa7a2c49fc0aa347e931a8914,34520563359
/services/fence-deck-gutter-repair/middleton,320,True,5,0,0,0,cd2d80098182be9fa7a2c49fc0aa347e931a8914,34520563359
/services/fence-deck-gutter-repair/middleton,390,True,5,0,0,0,cd2d80098182be9fa7a2c49fc0aa347e931a8914,34520563359
/services/fence-deck-gutter-repair/middleton,430,True,5,0,0,0,cd2d80098182be9fa7a2c49fc0aa347e931a8914,34520563359
/services/fence-deck-gutter-repair/middleton,600,True,5,0,0,0,cd2d80098182be9fa7a2c49fc0aa347e931a8914,34520563359
/services/fence-deck-gutter-repair/middleton,768,True,5,0,0,0,cd2d80098182be9fa7a2c49fc0aa347e931a8914,34520563359
/services/fence-deck-gutter-repair/middleton,1024,True,5,0,0,0,cd2d80098182be9fa7a2c49fc0aa347e931a8914,34520563359
/services/fence-deck-gutter-repair/middleton,1366,True,5,0,0,0,cd2d80098182be9fa7a2c49fc0aa347e931a8914,34520563359
/services/fence-deck-gutter-repair/middleton,1440,True,5,0,0,0,cd2d80098182be9fa7a2c49fc0aa347e931a8914,34520563359
/services/fence-deck-gutter-repair/middleton,1920,True,5,0,0,0,cd2d80098182be9fa7a2c49fc0aa347e931a8914,34520563359
/services/fence-deck-gutter-repair/nampa,320,True,5,0,0,0,cd2d80098182be9fa7a2c49fc0aa347e931a8914,34520563359
/services/fence-deck-gutter-repair/nampa,390,True,5,0,0,0,cd2d80098182be9fa7a2c49fc0aa347e931a8914,34520563359
/services/fence-deck-gutter-repair/nampa,430,True,5,0,0,0,cd2d80098182be9fa7a2c49fc0aa347e931a8914,34520563359
/services/fence-deck-gutter-repair/nampa,600,True,5,0,0,0,cd2d80098182be9fa7a2c49fc0aa347e931a8914,34520563359
/services/fence-deck-gutter-repair/nampa,768,True,5,0,0,0,cd2d80098182be9fa7a2c49fc0aa347e931a8914,34520563359
/services/fence-deck-gutter-repair/nampa,1024,True,5,0,0,0,cd2d80098182be9fa7a2c49fc0aa347e931a8914,34520563359
/services/fence-deck-gutter-repair/nampa,1366,True,5,0,0,0,cd2d80098182be9fa7a2c49fc0aa347e931a8914,34520563359
/services/fence-deck-gutter-repair/nampa,1440,True,5,0,0,0,cd2d80098182be9fa7a2c49fc0aa347e931a8914,34520563359
/services/fence-deck-gutter-repair/nampa,1920,True,5,0,0,0,cd2d80098182be9fa7a2c49fc0aa347e931a8914,34520563359
/services/fence-deck-gutter-repair/star,320,True,5,0,0,0,cd2d80098182be9fa7a2c49fc0aa347e931a8914,34520563359
/services/fence-deck-gutter-repair/star,390,True,5,0,0,0,cd2d80098182be9fa7a2c49fc0aa347e931a8914,34520563359
/services/fence-deck-gutter-repair/star,430,True,5,0,0,0,cd2d80098182be9fa7a2c49fc0aa347e931a8914,34520563359
/services/fence-deck-gutter-repair/star,600,True,5,0,0,0,cd2d80098182be9fa7a2c49fc0aa347e931a8914,34520563359
/services/fence-deck-gutter-repair/star,768,True,5,0,0,0,cd2d80098182be9fa7a2c49fc0aa347e931a8914,34520563359
/services/fence-deck-gutter-repair/star,1024,True,5,0,0,0,cd2d80098182be9fa7a2c49fc0aa347e931a8914,34520563359
/services/fence-deck-gutter-repair/star,1366,True,5,0,0,0,cd2d80098182be9fa7a2c49fc0aa347e931a8914,34520563359
/services/fence-deck-gutter-repair/star,1440,True,5,0,0,0,cd2d80098182be9fa7a2c49fc0aa347e931a8914,34520563359
/services/fence-deck-gutter-repair/star,1920,True,5,0,0,0,cd2d80098182be9fa7a2c49fc0aa347e931a8914,34520563359
/services/home-maintenance,320,True,5,0,0,0,cd2d80098182be9fa7a2c49fc0aa347e931a8914,34520563359
/services/home-maintenance,390,True,5,0,0,0,cd2d80098182be9fa7a2c49fc0aa347e931a8914,34520563359
/services/home-maintenance,430,True,5,0,0,0,cd2d80098182be9fa7a2c49fc0aa347e931a8914,34520563359
/services/home-maintenance,600,True,5,0,0,0,cd2d80098182be9fa7a2c49fc0aa347e931a8914,34520563359
/services/home-maintenance,768,True,5,0,0,0,cd2d80098182be9fa7a2c49fc0aa347e931a8914,34520563359
/services/home-maintenance,1024,True,5,0,0,0,cd2d80098182be9fa7a2c49fc0aa347e931a8914,34520563359
/services/home-maintenance,1366,True,5,0,0,0,cd2d80098182be9fa7a2c49fc0aa347e931a8914,34520563359
/services/home-maintenance,1440,True,5,0,0,0,cd2d80098182be9fa7a2c49fc0aa347e931a8914,34520563359
/services/home-maintenance,1920,True,5,0,0,0,cd2d80098182be9fa7a2c49fc0aa347e931a8914,34520563359
/services/home-maintenance/boise,320,True,5,0,0,0,cd2d80098182be9fa7a2c49fc0aa347e931a8914,34520563359
/services/home-maintenance/boise,390,True,5,0,0,0,cd2d80098182be9fa7a2c49fc0aa347e931a8914,34520563359
/services/home-maintenance/boise,430,True,5,0,0,0,cd2d80098182be9fa7a2c49fc0aa347e931a8914,34520563359
/services/home-maintenance/boise,600,True,5,0,0,0,cd2d80098182be9fa7a2c49fc0aa347e931a8914,34520563359
/services/home-maintenance/boise,768,True,5,0,0,0,cd2d80098182be9fa7a2c49fc0aa347e931a8914,34520563359
/services/home-maintenance/boise,1024,True,5,0,0,0,cd2d80098182be9fa7a2c49fc0aa347e931a8914,34520563359
/services/home-maintenance/boise,1366,True,5,0,0,0,cd2d80098182be9fa7a2c49fc0aa347e931a8914,34520563359
/services/home-maintenance/boise,1440,True,5,0,0,0,cd2d80098182be9fa7a2c49fc0aa347e931a8914,34520563359
/services/home-maintenance/boise,1920,True,5,0,0,0,cd2d80098182be9fa7a2c49fc0aa347e931a8914,34520563359
/services/home-maintenance/caldwell,320,True,5,0,0,0,cd2d80098182be9fa7a2c49fc0aa347e931a8914,34520563359
/services/home-maintenance/caldwell,390,True,5,0,0,0,cd2d80098182be9fa7a2c49fc0aa347e931a8914,34520563359
/services/home-maintenance/caldwell,430,True,5,0,0,0,cd2d80098182be9fa7a2c49fc0aa347e931a8914,34520563359
/services/home-maintenance/caldwell,600,True,5,0,0,0,cd2d80098182be9fa7a2c49fc0aa347e931a8914,34520563359
/services/home-maintenance/caldwell,768,True,5,0,0,0,cd2d80098182be9fa7a2c49fc0aa347e931a8914,34520563359
/services/home-maintenance/caldwell,1024,True,5,0,0,0,cd2d80098182be9fa7a2c49fc0aa347e931a8914,34520563359
/services/home-maintenance/caldwell,1366,True,5,0,0,0,cd2d80098182be9fa7a2c49fc0aa347e931a8914,34520563359
/services/home-maintenance/caldwell,1440,True,5,0,0,0,cd2d80098182be9fa7a2c49fc0aa347e931a8914,34520563359
/services/home-maintenance/caldwell,1920,True,5,0,0,0,cd2d80098182be9fa7a2c49fc0aa347e931a8914,34520563359
/services/home-maintenance/eagle,320,True,5,0,0,0,cd2d80098182be9fa7a2c49fc0aa347e931a8914,34520563359
/services/home-maintenance/eagle,390,True,5,0,0,0,cd2d80098182be9fa7a2c49fc0aa347e931a8914,34520563359
/services/home-maintenance/eagle,430,True,5,0,0,0,cd2d80098182be9fa7a2c49fc0aa347e931a8914,34520563359
/services/home-maintenance/eagle,600,True,5,0,0,0,cd2d80098182be9fa7a2c49fc0aa347e931a8914,34520563359
/services/home-maintenance/eagle,768,True,5,0,0,0,cd2d80098182be9fa7a2c49fc0aa347e931a8914,34520563359
/services/home-maintenance/eagle,1024,True,5,0,0,0,cd2d80098182be9fa7a2c49fc0aa347e931a8914,34520563359
/services/home-maintenance/eagle,1366,True,5,0,0,0,cd2d80098182be9fa7a2c49fc0aa347e931a8914,34520563359
/services/home-maintenance/eagle,1440,True,5,0,0,0,cd2d80098182be9fa7a2c49fc0aa347e931a8914,34520563359
/services/home-maintenance/eagle,1920,True,5,0,0,0,cd2d80098182be9fa7a2c49fc0aa347e931a8914,34520563359
/services/home-maintenance/garden-city,320,True,5,0,0,0,cd2d80098182be9fa7a2c49fc0aa347e931a8914,34520563359
/services/home-maintenance/garden-city,390,True,5,0,0,0,cd2d80098182be9fa7a2c49fc0aa347e931a8914,34520563359
/services/home-maintenance/garden-city,430,True,5,0,0,0,cd2d80098182be9fa7a2c49fc0aa347e931a8914,34520563359
/services/home-maintenance/garden-city,600,True,5,0,0,0,cd2d80098182be9fa7a2c49fc0aa347e931a8914,34520563359
/services/home-maintenance/garden-city,768,True,5,0,0,0,cd2d80098182be9fa7a2c49fc0aa347e931a8914,34520563359
/services/home-maintenance/garden-city,1024,True,5,0,0,0,cd2d80098182be9fa7a2c49fc0aa347e931a8914,34520563359
/services/home-maintenance/garden-city,1366,True,5,0,0,0,cd2d80098182be9fa7a2c49fc0aa347e931a8914,34520563359
/services/home-maintenance/garden-city,1440,True,5,0,0,0,cd2d80098182be9fa7a2c49fc0aa347e931a8914,34520563359
/services/home-maintenance/garden-city,1920,True,5,0,0,0,cd2d80098182be9fa7a2c49fc0aa347e931a8914,34520563359
/services/home-maintenance/kuna,320,True,5,0,0,0,cd2d80098182be9fa7a2c49fc0aa347e931a8914,34520563359
/services/home-maintenance/kuna,390,True,5,0,0,0,cd2d80098182be9fa7a2c49fc0aa347e931a8914,34520563359
/services/home-maintenance/kuna,430,True,5,0,0,0,cd2d80098182be9fa7a2c49fc0aa347e931a8914,34520563359
/services/home-maintenance/kuna,600,True,5,0,0,0,cd2d80098182be9fa7a2c49fc0aa347e931a8914,34520563359
/services/home-maintenance/kuna,768,True,5,0,0,0,cd2d80098182be9fa7a2c49fc0aa347e931a8914,34520563359
/services/home-maintenance/kuna,1024,True,5,0,0,0,cd2d80098182be9fa7a2c49fc0aa347e931a8914,34520563359
/services/home-maintenance/kuna,1366,True,5,0,0,0,cd2d80098182be9fa7a2c49fc0aa347e931a8914,34520563359
/services/home-maintenance/kuna,1440,True,5,0,0,0,cd2d80098182be9fa7a2c49fc0aa347e931a8914,34520563359
/services/home-maintenance/kuna,1920,True,5,0,0,0,cd2d80098182be9fa7a2c49fc0aa347e931a8914,34520563359
/services/home-maintenance/meridian,320,True,5,0,0,0,cd2d80098182be9fa7a2c49fc0aa347e931a8914,34520563359
/services/home-maintenance/meridian,390,True,5,0,0,0,cd2d80098182be9fa7a2c49fc0aa347e931a8914,34520563359
/services/home-maintenance/meridian,430,True,5,0,0,0,cd2d80098182be9fa7a2c49fc0aa347e931a8914,34520563359
/services/home-maintenance/meridian,600,True,5,0,0,0,cd2d80098182be9fa7a2c49fc0aa347e931a8914,34520563359
/services/home-maintenance/meridian,768,True,5,0,0,0,cd2d80098182be9fa7a2c49fc0aa347e931a8914,34520563359
/services/home-maintenance/meridian,1024,True,5,0,0,0,cd2d80098182be9fa7a2c49fc0aa347e931a8914,34520563359
/services/home-maintenance/meridian,1366,True,5,0,0,0,cd2d80098182be9fa7a2c49fc0aa347e931a8914,34520563359
/services/home-maintenance/meridian,1440,True,5,0,0,0,cd2d80098182be9fa7a2c49fc0aa347e931a8914,34520563359
/services/home-maintenance/meridian,1920,True,5,0,0,0,cd2d80098182be9fa7a2c49fc0aa347e931a8914,34520563359
/services/home-maintenance/middleton,320,True,5,0,0,0,cd2d80098182be9fa7a2c49fc0aa347e931a8914,34520563359
/services/home-maintenance/middleton,390,True,5,0,0,0,cd2d80098182be9fa7a2c49fc0aa347e931a8914,34520563359
/services/home-maintenance/middleton,430,True,5,0,0,0,cd2d80098182be9fa7a2c49fc0aa347e931a8914,34520563359
/services/home-maintenance/middleton,600,True,5,0,0,0,cd2d80098182be9fa7a2c49fc0aa347e931a8914,34520563359
/services/home-maintenance/middleton,768,True,5,0,0,0,cd2d80098182be9fa7a2c49fc0aa347e931a8914,34520563359
/services/home-maintenance/middleton,1024,True,5,0,0,0,cd2d80098182be9fa7a2c49fc0aa347e931a8914,34520563359
/services/home-maintenance/middleton,1366,True,5,0,0,0,cd2d80098182be9fa7a2c49fc0aa347e931a8914,34520563359
/services/home-maintenance/middleton,1440,True,5,0,0,0,cd2d80098182be9fa7a2c49fc0aa347e931a8914,34520563359
/services/home-maintenance/middleton,1920,True,5,0,0,0,cd2d80098182be9fa7a2c49fc0aa347e931a8914,34520563359
/services/home-maintenance/nampa,320,True,5,0,0,0,cd2d80098182be9fa7a2c49fc0aa347e931a8914,34520563359
/services/home-maintenance/nampa,390,True,5,0,0,0,cd2d80098182be9fa7a2c49fc0aa347e931a8914,34520563359
/services/home-maintenance/nampa,430,True,5,0,0,0,cd2d80098182be9fa7a2c49fc0aa347e931a8914,34520563359
/services/home-maintenance/nampa,600,True,5,0,0,0,cd2d80098182be9fa7a2c49fc0aa347e931a8914,34520563359
/services/home-maintenance/nampa,768,True,5,0,0,0,cd2d80098182be9fa7a2c49fc0aa347e931a8914,34520563359
/services/home-maintenance/nampa,1024,True,5,0,0,0,cd2d80098182be9fa7a2c49fc0aa347e931a8914,34520563359
/services/home-maintenance/nampa,1366,True,5,0,0,0,cd2d80098182be9fa7a2c49fc0aa347e931a8914,34520563359
/services/home-maintenance/nampa,1440,True,5,0,0,0,cd2d80098182be9fa7a2c49fc0aa347e931a8914,34520563359
/services/home-maintenance/nampa,1920,True,5,0,0,0,cd2d80098182be9fa7a2c49fc0aa347e931a8914,34520563359
/services/home-maintenance/star,320,True,5,0,0,0,cd2d80098182be9fa7a2c49fc0aa347e931a8914,34520563359
/services/home-maintenance/star,390,True,5,0,0,0,cd2d80098182be9fa7a2c49fc0aa347e931a8914,34520563359
/services/home-maintenance/star,430,True,5,0,0,0,cd2d80098182be9fa7a2c49fc0aa347e931a8914,34520563359
/services/home-maintenance/star,600,True,5,0,0,0,cd2d80098182be9fa7a2c49fc0aa347e931a8914,34520563359
/services/home-maintenance/star,768,True,5,0,0,0,cd2d80098182be9fa7a2c49fc0aa347e931a8914,34520563359
/services/home-maintenance/star,1024,True,5,0,0,0,cd2d80098182be9fa7a2c49fc0aa347e931a8914,34520563359
/services/home-maintenance/star,1366,True,5,0,0,0,cd2d80098182be9fa7a2c49fc0aa347e931a8914,34520563359
/services/home-maintenance/star,1440,True,5,0,0,0,cd2d80098182be9fa7a2c49fc0aa347e931a8914,34520563359
/services/home-maintenance/star,1920,True,5,0,0,0,cd2d80098182be9fa7a2c49fc0aa347e931a8914,34520563359
/services/mounting-assembly,320,True,5,0,0,0,cd2d80098182be9fa7a2c49fc0aa347e931a8914,34520563359
/services/mounting-assembly,390,True,5,0,0,0,cd2d80098182be9fa7a2c49fc0aa347e931a8914,34520563359
/services/mounting-assembly,430,True,5,0,0,0,cd2d80098182be9fa7a2c49fc0aa347e931a8914,34520563359
/services/mounting-assembly,600,True,5,0,0,0,cd2d80098182be9fa7a2c49fc0aa347e931a8914,34520563359
/services/mounting-assembly,768,True,5,0,0,0,cd2d80098182be9fa7a2c49fc0aa347e931a8914,34520563359
/services/mounting-assembly,1024,True,5,0,0,0,cd2d80098182be9fa7a2c49fc0aa347e931a8914,34520563359
/services/mounting-assembly,1366,True,5,0,0,0,cd2d80098182be9fa7a2c49fc0aa347e931a8914,34520563359
/services/mounting-assembly,1440,True,5,0,0,0,cd2d80098182be9fa7a2c49fc0aa347e931a8914,34520563359
/services/mounting-assembly,1920,True,5,0,0,0,cd2d80098182be9fa7a2c49fc0aa347e931a8914,34520563359
/services/mounting-assembly/boise,320,True,5,0,0,0,cd2d80098182be9fa7a2c49fc0aa347e931a8914,34520563359
/services/mounting-assembly/boise,390,True,5,0,0,0,cd2d80098182be9fa7a2c49fc0aa347e931a8914,34520563359
/services/mounting-assembly/boise,430,True,5,0,0,0,cd2d80098182be9fa7a2c49fc0aa347e931a8914,34520563359
/services/mounting-assembly/boise,600,True,5,0,0,0,cd2d80098182be9fa7a2c49fc0aa347e931a8914,34520563359
/services/mounting-assembly/boise,768,True,5,0,0,0,cd2d80098182be9fa7a2c49fc0aa347e931a8914,34520563359
/services/mounting-assembly/boise,1024,True,5,0,0,0,cd2d80098182be9fa7a2c49fc0aa347e931a8914,34520563359
/services/mounting-assembly/boise,1366,True,5,0,0,0,cd2d80098182be9fa7a2c49fc0aa347e931a8914,34520563359
/services/mounting-assembly/boise,1440,True,5,0,0,0,cd2d80098182be9fa7a2c49fc0aa347e931a8914,34520563359
/services/mounting-assembly/boise,1920,True,5,0,0,0,cd2d80098182be9fa7a2c49fc0aa347e931a8914,34520563359
/services/mounting-assembly/caldwell,320,True,5,0,0,0,cd2d80098182be9fa7a2c49fc0aa347e931a8914,34520563359
/services/mounting-assembly/caldwell,390,True,5,0,0,0,cd2d80098182be9fa7a2c49fc0aa347e931a8914,34520563359
/services/mounting-assembly/caldwell,430,True,5,0,0,0,cd2d80098182be9fa7a2c49fc0aa347e931a8914,34520563359
/services/mounting-assembly/caldwell,600,True,5,0,0,0,cd2d80098182be9fa7a2c49fc0aa347e931a8914,34520563359
/services/mounting-assembly/caldwell,768,True,5,0,0,0,cd2d80098182be9fa7a2c49fc0aa347e931a8914,34520563359
/services/mounting-assembly/caldwell,1024,True,5,0,0,0,cd2d80098182be9fa7a2c49fc0aa347e931a8914,34520563359
/services/mounting-assembly/caldwell,1366,True,5,0,0,0,cd2d80098182be9fa7a2c49fc0aa347e931a8914,34520563359
/services/mounting-assembly/caldwell,1440,True,5,0,0,0,cd2d80098182be9fa7a2c49fc0aa347e931a8914,34520563359
/services/mounting-assembly/caldwell,1920,True,5,0,0,0,cd2d80098182be9fa7a2c49fc0aa347e931a8914,34520563359
/services/mounting-assembly/eagle,320,True,5,0,0,0,cd2d80098182be9fa7a2c49fc0aa347e931a8914,34520563359
/services/mounting-assembly/eagle,390,True,5,0,0,0,cd2d80098182be9fa7a2c49fc0aa347e931a8914,34520563359
/services/mounting-assembly/eagle,430,True,5,0,0,0,cd2d80098182be9fa7a2c49fc0aa347e931a8914,34520563359
/services/mounting-assembly/eagle,600,True,5,0,0,0,cd2d80098182be9fa7a2c49fc0aa347e931a8914,34520563359
/services/mounting-assembly/eagle,768,True,5,0,0,0,cd2d80098182be9fa7a2c49fc0aa347e931a8914,34520563359
/services/mounting-assembly/eagle,1024,True,5,0,0,0,cd2d80098182be9fa7a2c49fc0aa347e931a8914,34520563359
/services/mounting-assembly/eagle,1366,True,5,0,0,0,cd2d80098182be9fa7a2c49fc0aa347e931a8914,34520563359
/services/mounting-assembly/eagle,1440,True,5,0,0,0,cd2d80098182be9fa7a2c49fc0aa347e931a8914,34520563359
/services/mounting-assembly/eagle,1920,True,5,0,0,0,cd2d80098182be9fa7a2c49fc0aa347e931a8914,34520563359
/services/mounting-assembly/garden-city,320,True,5,0,0,0,cd2d80098182be9fa7a2c49fc0aa347e931a8914,34520563359
/services/mounting-assembly/garden-city,390,True,5,0,0,0,cd2d80098182be9fa7a2c49fc0aa347e931a8914,34520563359
/services/mounting-assembly/garden-city,430,True,5,0,0,0,cd2d80098182be9fa7a2c49fc0aa347e931a8914,34520563359
/services/mounting-assembly/garden-city,600,True,5,0,0,0,cd2d80098182be9fa7a2c49fc0aa347e931a8914,34520563359
/services/mounting-assembly/garden-city,768,True,5,0,0,0,cd2d80098182be9fa7a2c49fc0aa347e931a8914,34520563359
/services/mounting-assembly/garden-city,1024,True,5,0,0,0,cd2d80098182be9fa7a2c49fc0aa347e931a8914,34520563359
/services/mounting-assembly/garden-city,1366,True,5,0,0,0,cd2d80098182be9fa7a2c49fc0aa347e931a8914,34520563359
/services/mounting-assembly/garden-city,1440,True,5,0,0,0,cd2d80098182be9fa7a2c49fc0aa347e931a8914,34520563359
/services/mounting-assembly/garden-city,1920,True,5,0,0,0,cd2d80098182be9fa7a2c49fc0aa347e931a8914,34520563359
/services/mounting-assembly/kuna,320,True,5,0,0,0,cd2d80098182be9fa7a2c49fc0aa347e931a8914,34520563359
/services/mounting-assembly/kuna,390,True,5,0,0,0,cd2d80098182be9fa7a2c49fc0aa347e931a8914,34520563359
/services/mounting-assembly/kuna,430,True,5,0,0,0,cd2d80098182be9fa7a2c49fc0aa347e931a8914,34520563359
/services/mounting-assembly/kuna,600,True,5,0,0,0,cd2d80098182be9fa7a2c49fc0aa347e931a8914,34520563359
/services/mounting-assembly/kuna,768,True,5,0,0,0,cd2d80098182be9fa7a2c49fc0aa347e931a8914,34520563359
/services/mounting-assembly/kuna,1024,True,5,0,0,0,cd2d80098182be9fa7a2c49fc0aa347e931a8914,34520563359
/services/mounting-assembly/kuna,1366,True,5,0,0,0,cd2d80098182be9fa7a2c49fc0aa347e931a8914,34520563359
/services/mounting-assembly/kuna,1440,True,5,0,0,0,cd2d80098182be9fa7a2c49fc0aa347e931a8914,34520563359
/services/mounting-assembly/kuna,1920,True,5,0,0,0,cd2d80098182be9fa7a2c49fc0aa347e931a8914,34520563359
/services/mounting-assembly/meridian,320,True,5,0,0,0,cd2d80098182be9fa7a2c49fc0aa347e931a8914,34520563359
/services/mounting-assembly/meridian,390,True,5,0,0,0,cd2d80098182be9fa7a2c49fc0aa347e931a8914,34520563359
/services/mounting-assembly/meridian,430,True,5,0,0,0,cd2d80098182be9fa7a2c49fc0aa347e931a8914,34520563359
/services/mounting-assembly/meridian,600,True,5,0,0,0,cd2d80098182be9fa7a2c49fc0aa347e931a8914,34520563359
/services/mounting-assembly/meridian,768,True,5,0,0,0,cd2d80098182be9fa7a2c49fc0aa347e931a8914,34520563359
/services/mounting-assembly/meridian,1024,True,5,0,0,0,cd2d80098182be9fa7a2c49fc0aa347e931a8914,34520563359
/services/mounting-assembly/meridian,1366,True,5,0,0,0,cd2d80098182be9fa7a2c49fc0aa347e931a8914,34520563359
/services/mounting-assembly/meridian,1440,True,5,0,0,0,cd2d80098182be9fa7a2c49fc0aa347e931a8914,34520563359
/services/mounting-assembly/meridian,1920,True,5,0,0,0,cd2d80098182be9fa7a2c49fc0aa347e931a8914,34520563359
/services/mounting-assembly/middleton,320,True,5,0,0,0,cd2d80098182be9fa7a2c49fc0aa347e931a8914,34520563359
/services/mounting-assembly/middleton,390,True,5,0,0,0,cd2d80098182be9fa7a2c49fc0aa347e931a8914,34520563359
/services/mounting-assembly/middleton,430,True,5,0,0,0,cd2d80098182be9fa7a2c49fc0aa347e931a8914,34520563359
/services/mounting-assembly/middleton,600,True,5,0,0,0,cd2d80098182be9fa7a2c49fc0aa347e931a8914,34520563359
/services/mounting-assembly/middleton,768,True,5,0,0,0,cd2d80098182be9fa7a2c49fc0aa347e931a8914,34520563359
/services/mounting-assembly/middleton,1024,True,5,0,0,0,cd2d80098182be9fa7a2c49fc0aa347e931a8914,34520563359
/services/mounting-assembly/middleton,1366,True,5,0,0,0,cd2d80098182be9fa7a2c49fc0aa347e931a8914,34520563359
/services/mounting-assembly/middleton,1440,True,5,0,0,0,cd2d80098182be9fa7a2c49fc0aa347e931a8914,34520563359
/services/mounting-assembly/middleton,1920,True,5,0,0,0,cd2d80098182be9fa7a2c49fc0aa347e931a8914,34520563359
/services/mounting-assembly/nampa,320,True,5,0,0,0,cd2d80098182be9fa7a2c49fc0aa347e931a8914,34520563359
/services/mounting-assembly/nampa,390,True,5,0,0,0,cd2d80098182be9fa7a2c49fc0aa347e931a8914,34520563359
/services/mounting-assembly/nampa,430,True,5,0,0,0,cd2d80098182be9fa7a2c49fc0aa347e931a8914,34520563359
/services/mounting-assembly/nampa,600,True,5,0,0,0,cd2d80098182be9fa7a2c49fc0aa347e931a8914,34520563359
/services/mounting-assembly/nampa,768,True,5,0,0,0,cd2d80098182be9fa7a2c49fc0aa347e931a8914,34520563359
/services/mounting-assembly/nampa,1024,True,5,0,0,0,cd2d80098182be9fa7a2c49fc0aa347e931a8914,34520563359
/services/mounting-assembly/nampa,1366,True,5,0,0,0,cd2d80098182be9fa7a2c49fc0aa347e931a8914,34520563359
/services/mounting-assembly/nampa,1440,True,5,0,0,0,cd2d80098182be9fa7a2c49fc0aa347e931a8914,34520563359
/services/mounting-assembly/nampa,1920,True,5,0,0,0,cd2d80098182be9fa7a2c49fc0aa347e931a8914,34520563359
/services/mounting-assembly/star,320,True,5,0,0,0,cd2d80098182be9fa7a2c49fc0aa347e931a8914,34520563359
/services/mounting-assembly/star,390,True,5,0,0,0,cd2d80098182be9fa7a2c49fc0aa347e931a8914,34520563359
/services/mounting-assembly/star,430,True,5,0,0,0,cd2d80098182be9fa7a2c49fc0aa347e931a8914,34520563359
/services/mounting-assembly/star,600,True,5,0,0,0,cd2d80098182be9fa7a2c49fc0aa347e931a8914,34520563359
/services/mounting-assembly/star,768,True,5,0,0,0,cd2d80098182be9fa7a2c49fc0aa347e931a8914,34520563359
/services/mounting-assembly/star,1024,True,5,0,0,0,cd2d80098182be9fa7a2c49fc0aa347e931a8914,34520563359
/services/mounting-assembly/star,1366,True,5,0,0,0,cd2d80098182be9fa7a2c49fc0aa347e931a8914,34520563359
/services/mounting-assembly/star,1440,True,5,0,0,0,cd2d80098182be9fa7a2c49fc0aa347e931a8914,34520563359
/services/mounting-assembly/star,1920,True,5,0,0,0,cd2d80098182be9fa7a2c49fc0aa347e931a8914,34520563359
/services/painting-touch-ups,320,True,5,0,0,0,cd2d80098182be9fa7a2c49fc0aa347e931a8914,34520563359
/services/painting-touch-ups,390,True,5,0,0,0,cd2d80098182be9fa7a2c49fc0aa347e931a8914,34520563359
/services/painting-touch-ups,430,True,5,0,0,0,cd2d80098182be9fa7a2c49fc0aa347e931a8914,34520563359
/services/painting-touch-ups,600,True,5,0,0,0,cd2d80098182be9fa7a2c49fc0aa347e931a8914,34520563359
/services/painting-touch-ups,768,True,5,0,0,0,cd2d80098182be9fa7a2c49fc0aa347e931a8914,34520563359
/services/painting-touch-ups,1024,True,5,0,0,0,cd2d80098182be9fa7a2c49fc0aa347e931a8914,34520563359
/services/painting-touch-ups,1366,True,5,0,0,0,cd2d80098182be9fa7a2c49fc0aa347e931a8914,34520563359
/services/painting-touch-ups,1440,True,5,0,0,0,cd2d80098182be9fa7a2c49fc0aa347e931a8914,34520563359
/services/painting-touch-ups,1920,True,5,0,0,0,cd2d80098182be9fa7a2c49fc0aa347e931a8914,34520563359
/services/painting-touch-ups/boise,320,True,5,0,0,0,cd2d80098182be9fa7a2c49fc0aa347e931a8914,34520563359
/services/painting-touch-ups/boise,390,True,5,0,0,0,cd2d80098182be9fa7a2c49fc0aa347e931a8914,34520563359
/services/painting-touch-ups/boise,430,True,5,0,0,0,cd2d80098182be9fa7a2c49fc0aa347e931a8914,34520563359
/services/painting-touch-ups/boise,600,True,5,0,0,0,cd2d80098182be9fa7a2c49fc0aa347e931a8914,34520563359
/services/painting-touch-ups/boise,768,True,5,0,0,0,cd2d80098182be9fa7a2c49fc0aa347e931a8914,34520563359
/services/painting-touch-ups/boise,1024,True,5,0,0,0,cd2d80098182be9fa7a2c49fc0aa347e931a8914,34520563359
/services/painting-touch-ups/boise,1366,True,5,0,0,0,cd2d80098182be9fa7a2c49fc0aa347e931a8914,34520563359
/services/painting-touch-ups/boise,1440,True,5,0,0,0,cd2d80098182be9fa7a2c49fc0aa347e931a8914,34520563359
/services/painting-touch-ups/boise,1920,True,5,0,0,0,cd2d80098182be9fa7a2c49fc0aa347e931a8914,34520563359
/services/painting-touch-ups/caldwell,320,True,5,0,0,0,cd2d80098182be9fa7a2c49fc0aa347e931a8914,34520563359
/services/painting-touch-ups/caldwell,390,True,5,0,0,0,cd2d80098182be9fa7a2c49fc0aa347e931a8914,34520563359
/services/painting-touch-ups/caldwell,430,True,5,0,0,0,cd2d80098182be9fa7a2c49fc0aa347e931a8914,34520563359
/services/painting-touch-ups/caldwell,600,True,5,0,0,0,cd2d80098182be9fa7a2c49fc0aa347e931a8914,34520563359
/services/painting-touch-ups/caldwell,768,True,5,0,0,0,cd2d80098182be9fa7a2c49fc0aa347e931a8914,34520563359
/services/painting-touch-ups/caldwell,1024,True,5,0,0,0,cd2d80098182be9fa7a2c49fc0aa347e931a8914,34520563359
/services/painting-touch-ups/caldwell,1366,True,5,0,0,0,cd2d80098182be9fa7a2c49fc0aa347e931a8914,34520563359
/services/painting-touch-ups/caldwell,1440,True,5,0,0,0,cd2d80098182be9fa7a2c49fc0aa347e931a8914,34520563359
/services/painting-touch-ups/caldwell,1920,True,5,0,0,0,cd2d80098182be9fa7a2c49fc0aa347e931a8914,34520563359
/services/painting-touch-ups/eagle,320,True,5,0,0,0,cd2d80098182be9fa7a2c49fc0aa347e931a8914,34520563359
/services/painting-touch-ups/eagle,390,True,5,0,0,0,cd2d80098182be9fa7a2c49fc0aa347e931a8914,34520563359
/services/painting-touch-ups/eagle,430,True,5,0,0,0,cd2d80098182be9fa7a2c49fc0aa347e931a8914,34520563359
/services/painting-touch-ups/eagle,600,True,5,0,0,0,cd2d80098182be9fa7a2c49fc0aa347e931a8914,34520563359
/services/painting-touch-ups/eagle,768,True,5,0,0,0,cd2d80098182be9fa7a2c49fc0aa347e931a8914,34520563359
/services/painting-touch-ups/eagle,1024,True,5,0,0,0,cd2d80098182be9fa7a2c49fc0aa347e931a8914,34520563359
/services/painting-touch-ups/eagle,1366,True,5,0,0,0,cd2d80098182be9fa7a2c49fc0aa347e931a8914,34520563359
/services/painting-touch-ups/eagle,1440,True,5,0,0,0,cd2d80098182be9fa7a2c49fc0aa347e931a8914,34520563359
/services/painting-touch-ups/eagle,1920,True,5,0,0,0,cd2d80098182be9fa7a2c49fc0aa347e931a8914,34520563359
/services/painting-touch-ups/garden-city,320,True,5,0,0,0,cd2d80098182be9fa7a2c49fc0aa347e931a8914,34520563359
/services/painting-touch-ups/garden-city,390,True,5,0,0,0,cd2d80098182be9fa7a2c49fc0aa347e931a8914,34520563359
/services/painting-touch-ups/garden-city,430,True,5,0,0,0,cd2d80098182be9fa7a2c49fc0aa347e931a8914,34520563359
/services/painting-touch-ups/garden-city,600,True,5,0,0,0,cd2d80098182be9fa7a2c49fc0aa347e931a8914,34520563359
/services/painting-touch-ups/garden-city,768,True,5,0,0,0,cd2d80098182be9fa7a2c49fc0aa347e931a8914,34520563359
/services/painting-touch-ups/garden-city,1024,True,5,0,0,0,cd2d80098182be9fa7a2c49fc0aa347e931a8914,34520563359
/services/painting-touch-ups/garden-city,1366,True,5,0,0,0,cd2d80098182be9fa7a2c49fc0aa347e931a8914,34520563359
/services/painting-touch-ups/garden-city,1440,True,5,0,0,0,cd2d80098182be9fa7a2c49fc0aa347e931a8914,34520563359
/services/painting-touch-ups/garden-city,1920,True,5,0,0,0,cd2d80098182be9fa7a2c49fc0aa347e931a8914,34520563359
/services/painting-touch-ups/kuna,320,True,5,0,0,0,cd2d80098182be9fa7a2c49fc0aa347e931a8914,34520563359
/services/painting-touch-ups/kuna,390,True,5,0,0,0,cd2d80098182be9fa7a2c49fc0aa347e931a8914,34520563359
/services/painting-touch-ups/kuna,430,True,5,0,0,0,cd2d80098182be9fa7a2c49fc0aa347e931a8914,34520563359
/services/painting-touch-ups/kuna,600,True,5,0,0,0,cd2d80098182be9fa7a2c49fc0aa347e931a8914,34520563359
/services/painting-touch-ups/kuna,768,True,5,0,0,0,cd2d80098182be9fa7a2c49fc0aa347e931a8914,34520563359
/services/painting-touch-ups/kuna,1024,True,5,0,0,0,cd2d80098182be9fa7a2c49fc0aa347e931a8914,34520563359
/services/painting-touch-ups/kuna,1366,True,5,0,0,0,cd2d80098182be9fa7a2c49fc0aa347e931a8914,34520563359
/services/painting-touch-ups/kuna,1440,True,5,0,0,0,cd2d80098182be9fa7a2c49fc0aa347e931a8914,34520563359
/services/painting-touch-ups/kuna,1920,True,5,0,0,0,cd2d80098182be9fa7a2c49fc0aa347e931a8914,34520563359
/services/painting-touch-ups/meridian,320,True,5,0,0,0,cd2d80098182be9fa7a2c49fc0aa347e931a8914,34520563359
/services/painting-touch-ups/meridian,390,True,5,0,0,0,cd2d80098182be9fa7a2c49fc0aa347e931a8914,34520563359
/services/painting-touch-ups/meridian,430,True,5,0,0,0,cd2d80098182be9fa7a2c49fc0aa347e931a8914,34520563359
/services/painting-touch-ups/meridian,600,True,5,0,0,0,cd2d80098182be9fa7a2c49fc0aa347e931a8914,34520563359
/services/painting-touch-ups/meridian,768,True,5,0,0,0,cd2d80098182be9fa7a2c49fc0aa347e931a8914,34520563359
/services/painting-touch-ups/meridian,1024,True,5,0,0,0,cd2d80098182be9fa7a2c49fc0aa347e931a8914,34520563359
/services/painting-touch-ups/meridian,1366,True,5,0,0,0,cd2d80098182be9fa7a2c49fc0aa347e931a8914,34520563359
/services/painting-touch-ups/meridian,1440,True,5,0,0,0,cd2d80098182be9fa7a2c49fc0aa347e931a8914,34520563359
/services/painting-touch-ups/meridian,1920,True,5,0,0,0,cd2d80098182be9fa7a2c49fc0aa347e931a8914,34520563359
/services/painting-touch-ups/middleton,320,True,5,0,0,0,cd2d80098182be9fa7a2c49fc0aa347e931a8914,34520563359
/services/painting-touch-ups/middleton,390,True,5,0,0,0,cd2d80098182be9fa7a2c49fc0aa347e931a8914,34520563359
/services/painting-touch-ups/middleton,430,True,5,0,0,0,cd2d80098182be9fa7a2c49fc0aa347e931a8914,34520563359
/services/painting-touch-ups/middleton,600,True,5,0,0,0,cd2d80098182be9fa7a2c49fc0aa347e931a8914,34520563359
/services/painting-touch-ups/middleton,768,True,5,0,0,0,cd2d80098182be9fa7a2c49fc0aa347e931a8914,34520563359
/services/painting-touch-ups/middleton,1024,True,5,0,0,0,cd2d80098182be9fa7a2c49fc0aa347e931a8914,34520563359
/services/painting-touch-ups/middleton,1366,True,5,0,0,0,cd2d80098182be9fa7a2c49fc0aa347e931a8914,34520563359
/services/painting-touch-ups/middleton,1440,True,5,0,0,0,cd2d80098182be9fa7a2c49fc0aa347e931a8914,34520563359
/services/painting-touch-ups/middleton,1920,True,5,0,0,0,cd2d80098182be9fa7a2c49fc0aa347e931a8914,34520563359
/services/painting-touch-ups/nampa,320,True,5,0,0,0,cd2d80098182be9fa7a2c49fc0aa347e931a8914,34520563359
/services/painting-touch-ups/nampa,390,True,5,0,0,0,cd2d80098182be9fa7a2c49fc0aa347e931a8914,34520563359
/services/painting-touch-ups/nampa,430,True,5,0,0,0,cd2d80098182be9fa7a2c49fc0aa347e931a8914,34520563359
/services/painting-touch-ups/nampa,600,True,5,0,0,0,cd2d80098182be9fa7a2c49fc0aa347e931a8914,34520563359
/services/painting-touch-ups/nampa,768,True,5,0,0,0,cd2d80098182be9fa7a2c49fc0aa347e931a8914,34520563359
/services/painting-touch-ups/nampa,1024,True,5,0,0,0,cd2d80098182be9fa7a2c49fc0aa347e931a8914,34520563359
/services/painting-touch-ups/nampa,1366,True,5,0,0,0,cd2d80098182be9fa7a2c49fc0aa347e931a8914,34520563359
/services/painting-touch-ups/nampa,1440,True,5,0,0,0,cd2d80098182be9fa7a2c49fc0aa347e931a8914,34520563359
/services/painting-touch-ups/nampa,1920,True,5,0,0,0,cd2d80098182be9fa7a2c49fc0aa347e931a8914,34520563359
/services/painting-touch-ups/star,320,True,5,0,0,0,cd2d80098182be9fa7a2c49fc0aa347e931a8914,34520563359
/services/painting-touch-ups/star,390,True,5,0,0,0,cd2d80098182be9fa7a2c49fc0aa347e931a8914,34520563359
/services/painting-touch-ups/star,430,True,5,0,0,0,cd2d80098182be9fa7a2c49fc0aa347e931a8914,34520563359
/services/painting-touch-ups/star,600,True,5,0,0,0,cd2d80098182be9fa7a2c49fc0aa347e931a8914,34520563359
/services/painting-touch-ups/star,768,True,5,0,0,0,cd2d80098182be9fa7a2c49fc0aa347e931a8914,34520563359
/services/painting-touch-ups/star,1024,True,5,0,0,0,cd2d80098182be9fa7a2c49fc0aa347e931a8914,34520563359
/services/painting-touch-ups/star,1366,True,5,0,0,0,cd2d80098182be9fa7a2c49fc0aa347e931a8914,34520563359
/services/painting-touch-ups/star,1440,True,5,0,0,0,cd2d80098182be9fa7a2c49fc0aa347e931a8914,34520563359
/services/painting-touch-ups/star,1920,True,5,0,0,0,cd2d80098182be9fa7a2c49fc0aa347e931a8914,34520563359
/services/plumbing-repairs,320,True,5,0,0,0,cd2d80098182be9fa7a2c49fc0aa347e931a8914,34520563359
/services/plumbing-repairs,390,True,5,0,0,0,cd2d80098182be9fa7a2c49fc0aa347e931a8914,34520563359
/services/plumbing-repairs,430,True,5,0,0,0,cd2d80098182be9fa7a2c49fc0aa347e931a8914,34520563359
/services/plumbing-repairs,600,True,5,0,0,0,cd2d80098182be9fa7a2c49fc0aa347e931a8914,34520563359
/services/plumbing-repairs,768,True,5,0,0,0,cd2d80098182be9fa7a2c49fc0aa347e931a8914,34520563359
/services/plumbing-repairs,1024,True,5,0,0,0,cd2d80098182be9fa7a2c49fc0aa347e931a8914,34520563359
/services/plumbing-repairs,1366,True,5,0,0,0,cd2d80098182be9fa7a2c49fc0aa347e931a8914,34520563359
/services/plumbing-repairs,1440,True,5,0,0,0,cd2d80098182be9fa7a2c49fc0aa347e931a8914,34520563359
/services/plumbing-repairs,1920,True,5,0,0,0,cd2d80098182be9fa7a2c49fc0aa347e931a8914,34520563359
/services/plumbing-repairs/boise,320,True,5,0,0,0,cd2d80098182be9fa7a2c49fc0aa347e931a8914,34520563359
/services/plumbing-repairs/boise,390,True,5,0,0,0,cd2d80098182be9fa7a2c49fc0aa347e931a8914,34520563359
/services/plumbing-repairs/boise,430,True,5,0,0,0,cd2d80098182be9fa7a2c49fc0aa347e931a8914,34520563359
/services/plumbing-repairs/boise,600,True,5,0,0,0,cd2d80098182be9fa7a2c49fc0aa347e931a8914,34520563359
/services/plumbing-repairs/boise,768,True,5,0,0,0,cd2d80098182be9fa7a2c49fc0aa347e931a8914,34520563359
/services/plumbing-repairs/boise,1024,True,5,0,0,0,cd2d80098182be9fa7a2c49fc0aa347e931a8914,34520563359
/services/plumbing-repairs/boise,1366,True,5,0,0,0,cd2d80098182be9fa7a2c49fc0aa347e931a8914,34520563359
/services/plumbing-repairs/boise,1440,True,5,0,0,0,cd2d80098182be9fa7a2c49fc0aa347e931a8914,34520563359
/services/plumbing-repairs/boise,1920,True,5,0,0,0,cd2d80098182be9fa7a2c49fc0aa347e931a8914,34520563359
/services/plumbing-repairs/caldwell,320,True,5,0,0,0,cd2d80098182be9fa7a2c49fc0aa347e931a8914,34520563359
/services/plumbing-repairs/caldwell,390,True,5,0,0,0,cd2d80098182be9fa7a2c49fc0aa347e931a8914,34520563359
/services/plumbing-repairs/caldwell,430,True,5,0,0,0,cd2d80098182be9fa7a2c49fc0aa347e931a8914,34520563359
/services/plumbing-repairs/caldwell,600,True,5,0,0,0,cd2d80098182be9fa7a2c49fc0aa347e931a8914,34520563359
/services/plumbing-repairs/caldwell,768,True,5,0,0,0,cd2d80098182be9fa7a2c49fc0aa347e931a8914,34520563359
/services/plumbing-repairs/caldwell,1024,True,5,0,0,0,cd2d80098182be9fa7a2c49fc0aa347e931a8914,34520563359
/services/plumbing-repairs/caldwell,1366,True,5,0,0,0,cd2d80098182be9fa7a2c49fc0aa347e931a8914,34520563359
/services/plumbing-repairs/caldwell,1440,True,5,0,0,0,cd2d80098182be9fa7a2c49fc0aa347e931a8914,34520563359
/services/plumbing-repairs/caldwell,1920,True,5,0,0,0,cd2d80098182be9fa7a2c49fc0aa347e931a8914,34520563359
/services/plumbing-repairs/eagle,320,True,5,0,0,0,cd2d80098182be9fa7a2c49fc0aa347e931a8914,34520563359
/services/plumbing-repairs/eagle,390,True,5,0,0,0,cd2d80098182be9fa7a2c49fc0aa347e931a8914,34520563359
/services/plumbing-repairs/eagle,430,True,5,0,0,0,cd2d80098182be9fa7a2c49fc0aa347e931a8914,34520563359
/services/plumbing-repairs/eagle,600,True,5,0,0,0,cd2d80098182be9fa7a2c49fc0aa347e931a8914,34520563359
/services/plumbing-repairs/eagle,768,True,5,0,0,0,cd2d80098182be9fa7a2c49fc0aa347e931a8914,34520563359
/services/plumbing-repairs/eagle,1024,True,5,0,0,0,cd2d80098182be9fa7a2c49fc0aa347e931a8914,34520563359
/services/plumbing-repairs/eagle,1366,True,5,0,0,0,cd2d80098182be9fa7a2c49fc0aa347e931a8914,34520563359
/services/plumbing-repairs/eagle,1440,True,5,0,0,0,cd2d80098182be9fa7a2c49fc0aa347e931a8914,34520563359
/services/plumbing-repairs/eagle,1920,True,5,0,0,0,cd2d80098182be9fa7a2c49fc0aa347e931a8914,34520563359
/services/plumbing-repairs/garden-city,320,True,5,0,0,0,cd2d80098182be9fa7a2c49fc0aa347e931a8914,34520563359
/services/plumbing-repairs/garden-city,390,True,5,0,0,0,cd2d80098182be9fa7a2c49fc0aa347e931a8914,34520563359
/services/plumbing-repairs/garden-city,430,True,5,0,0,0,cd2d80098182be9fa7a2c49fc0aa347e931a8914,34520563359
/services/plumbing-repairs/garden-city,600,True,5,0,0,0,cd2d80098182be9fa7a2c49fc0aa347e931a8914,34520563359
/services/plumbing-repairs/garden-city,768,True,5,0,0,0,cd2d80098182be9fa7a2c49fc0aa347e931a8914,34520563359
/services/plumbing-repairs/garden-city,1024,True,5,0,0,0,cd2d80098182be9fa7a2c49fc0aa347e931a8914,34520563359
/services/plumbing-repairs/garden-city,1366,True,5,0,0,0,cd2d80098182be9fa7a2c49fc0aa347e931a8914,34520563359
/services/plumbing-repairs/garden-city,1440,True,5,0,0,0,cd2d80098182be9fa7a2c49fc0aa347e931a8914,34520563359
/services/plumbing-repairs/garden-city,1920,True,5,0,0,0,cd2d80098182be9fa7a2c49fc0aa347e931a8914,34520563359
/services/plumbing-repairs/kuna,320,True,5,0,0,0,cd2d80098182be9fa7a2c49fc0aa347e931a8914,34520563359
/services/plumbing-repairs/kuna,390,True,5,0,0,0,cd2d80098182be9fa7a2c49fc0aa347e931a8914,34520563359
/services/plumbing-repairs/kuna,430,True,5,0,0,0,cd2d80098182be9fa7a2c49fc0aa347e931a8914,34520563359
/services/plumbing-repairs/kuna,600,True,5,0,0,0,cd2d80098182be9fa7a2c49fc0aa347e931a8914,34520563359
/services/plumbing-repairs/kuna,768,True,5,0,0,0,cd2d80098182be9fa7a2c49fc0aa347e931a8914,34520563359
/services/plumbing-repairs/kuna,1024,True,5,0,0,0,cd2d80098182be9fa7a2c49fc0aa347e931a8914,34520563359
/services/plumbing-repairs/kuna,1366,True,5,0,0,0,cd2d80098182be9fa7a2c49fc0aa347e931a8914,34520563359
/services/plumbing-repairs/kuna,1440,True,5,0,0,0,cd2d80098182be9fa7a2c49fc0aa347e931a8914,34520563359
/services/plumbing-repairs/kuna,1920,True,5,0,0,0,cd2d80098182be9fa7a2c49fc0aa347e931a8914,34520563359
/services/plumbing-repairs/meridian,320,True,5,0,0,0,cd2d80098182be9fa7a2c49fc0aa347e931a8914,34520563359
/services/plumbing-repairs/meridian,390,True,5,0,0,0,cd2d80098182be9fa7a2c49fc0aa347e931a8914,34520563359
/services/plumbing-repairs/meridian,430,True,5,0,0,0,cd2d80098182be9fa7a2c49fc0aa347e931a8914,34520563359
/services/plumbing-repairs/meridian,600,True,5,0,0,0,cd2d80098182be9fa7a2c49fc0aa347e931a8914,34520563359
/services/plumbing-repairs/meridian,768,True,5,0,0,0,cd2d80098182be9fa7a2c49fc0aa347e931a8914,34520563359
/services/plumbing-repairs/meridian,1024,True,5,0,0,0,cd2d80098182be9fa7a2c49fc0aa347e931a8914,34520563359
/services/plumbing-repairs/meridian,1366,True,5,0,0,0,cd2d80098182be9fa7a2c49fc0aa347e931a8914,34520563359
/services/plumbing-repairs/meridian,1440,True,5,0,0,0,cd2d80098182be9fa7a2c49fc0aa347e931a8914,34520563359
/services/plumbing-repairs/meridian,1920,True,5,0,0,0,cd2d80098182be9fa7a2c49fc0aa347e931a8914,34520563359
/services/plumbing-repairs/middleton,320,True,5,0,0,0,cd2d80098182be9fa7a2c49fc0aa347e931a8914,34520563359
/services/plumbing-repairs/middleton,390,True,5,0,0,0,cd2d80098182be9fa7a2c49fc0aa347e931a8914,34520563359
/services/plumbing-repairs/middleton,430,True,5,0,0,0,cd2d80098182be9fa7a2c49fc0aa347e931a8914,34520563359
/services/plumbing-repairs/middleton,600,True,5,0,0,0,cd2d80098182be9fa7a2c49fc0aa347e931a8914,34520563359
/services/plumbing-repairs/middleton,768,True,5,0,0,0,cd2d80098182be9fa7a2c49fc0aa347e931a8914,34520563359
/services/plumbing-repairs/middleton,1024,True,5,0,0,0,cd2d80098182be9fa7a2c49fc0aa347e931a8914,34520563359
/services/plumbing-repairs/middleton,1366,True,5,0,0,0,cd2d80098182be9fa7a2c49fc0aa347e931a8914,34520563359
/services/plumbing-repairs/middleton,1440,True,5,0,0,0,cd2d80098182be9fa7a2c49fc0aa347e931a8914,34520563359
/services/plumbing-repairs/middleton,1920,True,5,0,0,0,cd2d80098182be9fa7a2c49fc0aa347e931a8914,34520563359
/services/plumbing-repairs/nampa,320,True,5,0,0,0,cd2d80098182be9fa7a2c49fc0aa347e931a8914,34520563359
/services/plumbing-repairs/nampa,390,True,5,0,0,0,cd2d80098182be9fa7a2c49fc0aa347e931a8914,34520563359
/services/plumbing-repairs/nampa,430,True,5,0,0,0,cd2d80098182be9fa7a2c49fc0aa347e931a8914,34520563359
/services/plumbing-repairs/nampa,600,True,5,0,0,0,cd2d80098182be9fa7a2c49fc0aa347e931a8914,34520563359
/services/plumbing-repairs/nampa,768,True,5,0,0,0,cd2d80098182be9fa7a2c49fc0aa347e931a8914,34520563359
/services/plumbing-repairs/nampa,1024,True,5,0,0,0,cd2d80098182be9fa7a2c49fc0aa347e931a8914,34520563359
/services/plumbing-repairs/nampa,1366,True,5,0,0,0,cd2d80098182be9fa7a2c49fc0aa347e931a8914,34520563359
/services/plumbing-repairs/nampa,1440,True,5,0,0,0,cd2d80098182be9fa7a2c49fc0aa347e931a8914,34520563359
/services/plumbing-repairs/nampa,1920,True,5,0,0,0,cd2d80098182be9fa7a2c49fc0aa347e931a8914,34520563359
/services/plumbing-repairs/star,320,True,5,0,0,0,cd2d80098182be9fa7a2c49fc0aa347e931a8914,34520563359
/services/plumbing-repairs/star,390,True,5,0,0,0,cd2d80098182be9fa7a2c49fc0aa347e931a8914,34520563359
/services/plumbing-repairs/star,430,True,5,0,0,0,cd2d80098182be9fa7a2c49fc0aa347e931a8914,34520563359
/services/plumbing-repairs/star,600,True,5,0,0,0,cd2d80098182be9fa7a2c49fc0aa347e931a8914,34520563359
/services/plumbing-repairs/star,768,True,5,0,0,0,cd2d80098182be9fa7a2c49fc0aa347e931a8914,34520563359
/services/plumbing-repairs/star,1024,True,5,0,0,0,cd2d80098182be9fa7a2c49fc0aa347e931a8914,34520563359
/services/plumbing-repairs/star,1366,True,5,0,0,0,cd2d80098182be9fa7a2c49fc0aa347e931a8914,34520563359
/services/plumbing-repairs/star,1440,True,5,0,0,0,cd2d80098182be9fa7a2c49fc0aa347e931a8914,34520563359
/services/plumbing-repairs/star,1920,True,5,0,0,0,cd2d80098182be9fa7a2c49fc0aa347e931a8914,34520563359
/sitemap,320,True,2,0,0,0,cd2d80098182be9fa7a2c49fc0aa347e931a8914,34520563359
/sitemap,390,True,2,0,0,0,cd2d80098182be9fa7a2c49fc0aa347e931a8914,34520563359
/sitemap,430,True,2,0,0,0,cd2d80098182be9fa7a2c49fc0aa347e931a8914,34520563359
/sitemap,600,True,2,0,0,0,cd2d80098182be9fa7a2c49fc0aa347e931a8914,34520563359
/sitemap,768,True,2,0,0,0,cd2d80098182be9fa7a2c49fc0aa347e931a8914,34520563359
/sitemap,1024,True,2,0,0,0,cd2d80098182be9fa7a2c49fc0aa347e931a8914,34520563359
/sitemap,1366,True,2,0,0,0,cd2d80098182be9fa7a2c49fc0aa347e931a8914,34520563359
/sitemap,1440,True,2,0,0,0,cd2d80098182be9fa7a2c49fc0aa347e931a8914,34520563359
/sitemap,1920,True,2,0,0,0,cd2d80098182be9fa7a2c49fc0aa347e931a8914,34520563359
/terms-of-service,320,True,2,0,0,0,cd2d80098182be9fa7a2c49fc0aa347e931a8914,34520563359
/terms-of-service,390,True,2,0,0,0,cd2d80098182be9fa7a2c49fc0aa347e931a8914,34520563359
/terms-of-service,430,True,2,0,0,0,cd2d80098182be9fa7a2c49fc0aa347e931a8914,34520563359
/terms-of-service,600,True,2,0,0,0,cd2d80098182be9fa7a2c49fc0aa347e931a8914,34520563359
/terms-of-service,768,True,2,0,0,0,cd2d80098182be9fa7a2c49fc0aa347e931a8914,34520563359
/terms-of-service,1024,True,2,0,0,0,cd2d80098182be9fa7a2c49fc0aa347e931a8914,34520563359
/terms-of-service,1366,True,2,0,0,0,cd2d80098182be9fa7a2c49fc0aa347e931a8914,34520563359
/terms-of-service,1440,True,2,0,0,0,cd2d80098182be9fa7a2c49fc0aa347e931a8914,34520563359
/terms-of-service,1920,True,2,0,0,0,cd2d80098182be9fa7a2c49fc0aa347e931a8914,34520563359
